,lon,lat,spec_0,spec_1,spec_2,spec_3,spec_4
0,-176.0,69.98829,3.0,2.0,2.0,2.0,3.0
1,-168.0,69.98829,0.0,4.0,2.0,3.0,5.0
2,-160.0,69.98829,7.0,5.0,1.0,1.0,2.0
3,-152.0,69.98829,1.0,1.0,2.0,6.0,6.0
4,-144.0,69.98829,3.0,2.0,3.0,4.0,1.0
5,-136.0,69.98829,1.0,2.0,4.0,3.0,3.0
6,-128.0,69.98829,1.0,2.0,3.0,3.0,3.0
7,-120.0,69.98829,8.0,0.0,2.0,2.0,1.0
8,-112.0,69.98829,4.0,3.0,3.0,2.0,2.0
9,-104.0,69.98829,2.0,2.0,3.0,2.0,4.0
10,-96.0,69.98829,1.0,1.0,5.0,3.0,1.0
11,-88.0,69.98829,3.0,4.0,0.0,4.0,2.0
12,-80.0,69.98829,2.0,2.0,6.0,4.0,1.0
13,-72.0,69.98829,2.0,3.0,1.0,6.0,1.0
14,-64.0,69.98829,3.0,2.0,3.0,5.0,1.0
15,-56.0,69.98829,0.0,2.0,5.0,3.0,2.0
16,-48.0,69.98829,3.0,2.0,1.0,3.0,4.0
17,-40.0,69.98829,2.0,4.0,1.0,3.0,2.0
18,-32.0,69.98829,4.0,1.0,4.0,2.0,2.0
19,-24.0,69.98829,0.0,3.0,4.0,3.0,3.0
20,-16.0,69.98829,4.0,2.0,3.0,1.0,4.0
21,-8.0,69.98829,3.0,4.0,2.0,3.0,0.0
22,0.0,69.98829,2.0,3.0,3.0,3.0,3.0
23,8.0,69.98829,2.0,3.0,1.0,1.0,3.0
24,16.0,69.98829,4.0,1.0,5.0,2.0,2.0
25,24.0,69.98829,1.0,2.0,2.0,1.0,6.0
26,32.0,69.98829,2.0,4.0,3.0,3.0,3.0
27,40.0,69.98829,1.0,1.0,5.0,4.0,3.0
28,48.0,69.98829,3.0,1.0,4.0,4.0,3.0
29,56.0,69.98829,2.0,3.0,3.0,3.0,3.0
30,64.0,69.98829,5.0,0.0,3.0,2.0,2.0
31,72.0,69.98829,2.0,2.0,3.0,3.0,5.0
32,80.0,69.98829,3.0,3.0,3.0,1.0,6.0
33,88.0,69.98829,2.0,2.0,3.0,5.0,4.0
34,96.0,69.98829,1.0,4.0,2.0,4.0,2.0
35,104.0,69.98829,2.0,5.0,2.0,4.0,2.0
36,112.0,69.98829,1.0,2.0,3.0,2.0,7.0
37,120.0,69.98829,2.0,3.0,3.0,0.0,3.0
38,128.0,69.98829,5.0,4.0,1.0,3.0,1.0
39,136.0,69.98829,2.0,1.0,5.0,2.0,3.0
40,144.0,69.98829,4.0,2.0,3.0,2.0,0.0
41,152.0,69.98829,4.0,1.0,4.0,1.0,2.0
42,160.0,69.98829,3.0,2.0,1.0,3.0,3.0
43,168.0,69.98829,2.0,3.0,3.0,4.0,2.0
44,176.0,69.98829,2.0,3.0,3.0,3.0,3.0
45,-176.0,51.743159999999996,3.0,4.0,2.0,4.0,2.0
46,-168.0,51.743159999999996,1.0,5.0,3.0,5.0,1.0
47,-160.0,51.743159999999996,2.0,6.0,1.0,1.0,5.0
48,-152.0,51.743159999999996,2.0,3.0,0.0,5.0,0.0
49,-144.0,51.743159999999996,3.0,3.0,4.0,1.0,3.0
50,-136.0,51.743159999999996,5.0,3.0,1.0,1.0,1.0
51,-128.0,51.743159999999996,1.0,3.0,3.0,3.0,1.0
52,-120.0,51.743159999999996,3.0,6.0,2.0,1.0,0.0
53,-112.0,51.743159999999996,6.0,2.0,2.0,0.0,1.0
54,-104.0,51.743159999999996,2.0,5.0,1.0,1.0,3.0
55,-96.0,51.743159999999996,4.0,2.0,3.0,1.0,1.0
56,-88.0,51.743159999999996,2.0,2.0,4.0,1.0,2.0
57,-80.0,51.743159999999996,5.0,1.0,4.0,3.0,1.0
58,-72.0,51.743159999999996,3.0,1.0,0.0,4.0,5.0
59,-64.0,51.743159999999996,1.0,3.0,3.0,3.0,2.0
60,-56.0,51.743159999999996,3.0,3.0,2.0,7.0,1.0
61,-48.0,51.743159999999996,0.0,3.0,5.0,3.0,3.0
62,-40.0,51.743159999999996,5.0,3.0,1.0,3.0,2.0
63,-32.0,51.743159999999996,2.0,2.0,1.0,2.0,4.0
64,-24.0,51.743159999999996,2.0,3.0,2.0,4.0,4.0
65,-16.0,51.743159999999996,3.0,2.0,2.0,2.0,4.0
66,-8.0,51.743159999999996,3.0,4.0,2.0,3.0,0.0
67,0.0,51.743159999999996,1.0,3.0,3.0,2.0,6.0
68,8.0,51.743159999999996,2.0,4.0,2.0,3.0,3.0
69,16.0,51.743159999999996,2.0,2.0,4.0,2.0,1.0
70,24.0,51.743159999999996,4.0,3.0,3.0,2.0,1.0
71,32.0,51.743159999999996,2.0,2.0,2.0,6.0,2.0
72,40.0,51.743159999999996,4.0,1.0,3.0,4.0,1.0
73,48.0,51.743159999999996,3.0,2.0,4.0,4.0,1.0
74,56.0,51.743159999999996,4.0,1.0,4.0,4.0,2.0
75,64.0,51.743159999999996,3.0,3.0,1.0,4.0,3.0
76,72.0,51.743159999999996,4.0,2.0,0.0,2.0,4.0
77,80.0,51.743159999999996,4.0,4.0,1.0,4.0,2.0
78,88.0,51.743159999999996,1.0,0.0,5.0,5.0,5.0
79,96.0,51.743159999999996,2.0,1.0,2.0,7.0,2.0
80,104.0,51.743159999999996,4.0,3.0,3.0,1.0,1.0
81,112.0,51.743159999999996,3.0,4.0,3.0,2.0,3.0
82,120.0,51.743159999999996,6.0,4.0,0.0,2.0,1.0
83,128.0,51.743159999999996,0.0,4.0,1.0,3.0,8.0
84,136.0,51.743159999999996,3.0,5.0,4.0,1.0,0.0
85,144.0,51.743159999999996,1.0,4.0,5.0,1.0,3.0
86,152.0,51.743159999999996,2.0,4.0,2.0,5.0,1.0
87,160.0,51.743159999999996,4.0,2.0,2.0,4.0,1.0
88,168.0,51.743159999999996,3.0,6.0,1.0,3.0,2.0
89,176.0,51.743159999999996,3.0,4.0,3.0,3.0,1.0
90,-176.0,40.03754,3.0,0.0,2.0,1.0,4.0
91,-168.0,40.03754,1.0,3.0,5.0,2.0,3.0
92,-160.0,40.03754,1.0,1.0,2.0,5.0,4.0
93,-152.0,40.03754,7.0,1.0,1.0,4.0,1.0
94,-144.0,40.03754,5.0,3.0,1.0,2.0,2.0
95,-136.0,40.03754,3.0,2.0,5.0,2.0,2.0
96,-128.0,40.03754,2.0,3.0,1.0,3.0,2.0
97,-120.0,40.03754,1.0,2.0,5.0,2.0,2.0
98,-112.0,40.03754,4.0,2.0,3.0,1.0,2.0
99,-104.0,40.03754,1.0,4.0,4.0,2.0,4.0
100,-96.0,40.03754,2.0,4.0,2.0,3.0,3.0
101,-88.0,40.03754,2.0,2.0,1.0,4.0,5.0
102,-80.0,40.03754,2.0,4.0,1.0,4.0,3.0
103,-72.0,40.03754,2.0,5.0,4.0,1.0,2.0
104,-64.0,40.03754,3.0,2.0,3.0,3.0,2.0
105,-56.0,40.03754,5.0,1.0,2.0,4.0,1.0
106,-48.0,40.03754,0.0,2.0,4.0,3.0,4.0
107,-40.0,40.03754,7.0,2.0,3.0,1.0,2.0
108,-32.0,40.03754,4.0,4.0,2.0,3.0,2.0
109,-24.0,40.03754,2.0,5.0,1.0,3.0,0.0
110,-16.0,40.03754,4.0,1.0,1.0,7.0,0.0
111,-8.0,40.03754,0.0,7.0,3.0,3.0,0.0
112,0.0,40.03754,4.0,2.0,5.0,4.0,1.0
113,8.0,40.03754,1.0,4.0,6.0,1.0,4.0
114,16.0,40.03754,2.0,2.0,4.0,2.0,1.0
115,24.0,40.03754,3.0,2.0,1.0,8.0,1.0
116,32.0,40.03754,2.0,1.0,3.0,3.0,3.0
117,40.0,40.03754,2.0,1.0,2.0,3.0,4.0
118,48.0,40.03754,1.0,3.0,1.0,4.0,4.0
119,56.0,40.03754,1.0,5.0,4.0,4.0,1.0
120,64.0,40.03754,2.0,2.0,3.0,2.0,4.0
121,72.0,40.03754,3.0,5.0,1.0,3.0,3.0
122,80.0,40.03754,3.0,5.0,2.0,3.0,2.0
123,88.0,40.03754,4.0,3.0,3.0,3.0,2.0
124,96.0,40.03754,5.0,1.0,4.0,3.0,2.0
125,104.0,40.03754,4.0,2.0,3.0,1.0,3.0
126,112.0,40.03754,2.0,2.0,2.0,4.0,4.0
127,120.0,40.03754,3.0,1.0,3.0,4.0,3.0
128,128.0,40.03754,2.0,0.0,5.0,5.0,1.0
129,136.0,40.03754,1.0,5.0,3.0,2.0,3.0
130,144.0,40.03754,3.0,5.0,3.0,2.0,1.0
131,152.0,40.03754,4.0,5.0,0.0,0.0,5.0
132,160.0,40.03754,2.0,4.0,3.0,2.0,4.0
133,168.0,40.03754,4.0,3.0,1.0,2.0,2.0
134,176.0,40.03754,1.0,6.0,2.0,3.0,3.0
135,-176.0,30.1738,0.0,1.0,6.0,4.0,4.0
136,-168.0,30.1738,4.0,2.0,3.0,3.0,1.0
137,-160.0,30.1738,3.0,3.0,3.0,2.0,4.0
138,-152.0,30.1738,3.0,2.0,4.0,1.0,2.0
139,-144.0,30.1738,1.0,4.0,2.0,2.0,1.0
140,-136.0,30.1738,0.0,3.0,4.0,3.0,1.0
141,-128.0,30.1738,3.0,5.0,3.0,1.0,3.0
142,-120.0,30.1738,3.0,3.0,4.0,1.0,1.0
143,-112.0,30.1738,3.0,1.0,3.0,2.0,2.0
144,-104.0,30.1738,1.0,3.0,3.0,1.0,2.0
145,-96.0,30.1738,2.0,2.0,4.0,3.0,3.0
146,-88.0,30.1738,2.0,1.0,2.0,3.0,7.0
147,-80.0,30.1738,3.0,2.0,1.0,5.0,2.0
148,-72.0,30.1738,0.0,0.0,5.0,4.0,6.0
149,-64.0,30.1738,0.0,3.0,2.0,5.0,3.0
150,-56.0,30.1738,3.0,5.0,3.0,2.0,1.0
151,-48.0,30.1738,3.0,1.0,5.0,2.0,2.0
152,-40.0,30.1738,2.0,5.0,3.0,2.0,2.0
153,-32.0,30.1738,2.0,1.0,3.0,5.0,2.0
154,-24.0,30.1738,4.0,2.0,1.0,2.0,1.0
155,-16.0,30.1738,1.0,3.0,7.0,2.0,0.0
156,-8.0,30.1738,3.0,3.0,2.0,2.0,3.0
157,0.0,30.1738,2.0,3.0,1.0,3.0,5.0
158,8.0,30.1738,2.0,4.0,3.0,3.0,2.0
159,16.0,30.1738,3.0,2.0,4.0,3.0,2.0
160,24.0,30.1738,2.0,2.0,2.0,2.0,3.0
161,32.0,30.1738,2.0,6.0,3.0,2.0,2.0
162,40.0,30.1738,2.0,2.0,3.0,1.0,5.0
163,48.0,30.1738,4.0,4.0,1.0,3.0,0.0
164,56.0,30.1738,4.0,2.0,1.0,2.0,4.0
165,64.0,30.1738,4.0,2.0,3.0,5.0,2.0
166,72.0,30.1738,3.0,4.0,4.0,1.0,2.0
167,80.0,30.1738,1.0,2.0,3.0,4.0,2.0
168,88.0,30.1738,2.0,1.0,3.0,2.0,3.0
169,96.0,30.1738,4.0,0.0,2.0,5.0,2.0
170,104.0,30.1738,1.0,5.0,2.0,4.0,2.0
171,112.0,30.1738,3.0,1.0,0.0,4.0,4.0
172,120.0,30.1738,3.0,2.0,1.0,3.0,4.0
173,128.0,30.1738,2.0,3.0,4.0,0.0,3.0
174,136.0,30.1738,3.0,3.0,2.0,4.0,0.0
175,144.0,30.1738,5.0,2.0,2.0,3.0,2.0
176,152.0,30.1738,4.0,2.0,3.0,4.0,0.0
177,160.0,30.1738,5.0,1.0,2.0,3.0,3.0
178,168.0,30.1738,5.0,1.0,1.0,1.0,4.0
179,176.0,30.1738,3.0,4.0,0.0,4.0,3.0
180,-176.0,21.24611,4.0,3.0,3.0,2.0,2.0
181,-168.0,21.24611,2.0,3.0,0.0,3.0,5.0
182,-160.0,21.24611,1.0,4.0,3.0,2.0,3.0
183,-152.0,21.24611,0.0,2.0,6.0,1.0,3.0
184,-144.0,21.24611,3.0,3.0,4.0,4.0,2.0
185,-136.0,21.24611,2.0,3.0,5.0,2.0,1.0
186,-128.0,21.24611,2.0,2.0,5.0,2.0,3.0
187,-120.0,21.24611,2.0,2.0,3.0,4.0,4.0
188,-112.0,21.24611,5.0,1.0,2.0,3.0,4.0
189,-104.0,21.24611,3.0,1.0,3.0,4.0,3.0
190,-96.0,21.24611,1.0,1.0,3.0,3.0,3.0
191,-88.0,21.24611,3.0,3.0,3.0,2.0,4.0
192,-80.0,21.24611,4.0,1.0,2.0,3.0,4.0
193,-72.0,21.24611,3.0,1.0,1.0,4.0,3.0
194,-64.0,21.24611,0.0,4.0,6.0,2.0,2.0
195,-56.0,21.24611,2.0,1.0,4.0,6.0,2.0
196,-48.0,21.24611,2.0,3.0,3.0,3.0,2.0
197,-40.0,21.24611,2.0,3.0,4.0,3.0,3.0
198,-32.0,21.24611,5.0,2.0,2.0,1.0,5.0
199,-24.0,21.24611,3.0,3.0,3.0,2.0,2.0
200,-16.0,21.24611,2.0,2.0,4.0,3.0,2.0
201,-8.0,21.24611,2.0,1.0,4.0,4.0,1.0
202,0.0,21.24611,1.0,4.0,4.0,1.0,5.0
203,8.0,21.24611,4.0,3.0,5.0,1.0,1.0
204,16.0,21.24611,2.0,5.0,0.0,5.0,1.0
205,24.0,21.24611,3.0,1.0,2.0,2.0,3.0
206,32.0,21.24611,5.0,4.0,1.0,1.0,2.0
207,40.0,21.24611,3.0,2.0,2.0,2.0,3.0
208,48.0,21.24611,6.0,2.0,2.0,0.0,5.0
209,56.0,21.24611,1.0,2.0,2.0,2.0,4.0
210,64.0,21.24611,0.0,7.0,3.0,4.0,0.0
211,72.0,21.24611,3.0,2.0,3.0,6.0,1.0
212,80.0,21.24611,3.0,2.0,6.0,2.0,3.0
213,88.0,21.24611,1.0,4.0,1.0,2.0,4.0
214,96.0,21.24611,3.0,4.0,7.0,1.0,0.0
215,104.0,21.24611,3.0,4.0,1.0,2.0,6.0
216,112.0,21.24611,2.0,2.0,4.0,3.0,4.0
217,120.0,21.24611,3.0,2.0,3.0,2.0,3.0
218,128.0,21.24611,5.0,2.0,4.0,1.0,2.0
219,136.0,21.24611,1.0,3.0,1.0,0.0,6.0
220,144.0,21.24611,5.0,1.0,2.0,1.0,3.0
221,152.0,21.24611,3.0,3.0,1.0,0.0,5.0
222,160.0,21.24611,4.0,3.0,1.0,4.0,1.0
223,168.0,21.24611,2.0,1.0,2.0,0.0,4.0
224,176.0,21.24611,3.0,4.0,4.0,2.0,1.0
225,-176.0,12.84422,3.0,4.0,2.0,2.0,5.0
226,-168.0,12.84422,3.0,2.0,3.0,4.0,1.0
227,-160.0,12.84422,2.0,4.0,5.0,0.0,1.0
228,-152.0,12.84422,3.0,2.0,4.0,1.0,3.0
229,-144.0,12.84422,4.0,0.0,1.0,5.0,4.0
230,-136.0,12.84422,3.0,3.0,3.0,0.0,5.0
231,-128.0,12.84422,2.0,2.0,0.0,3.0,2.0
232,-120.0,12.84422,2.0,1.0,6.0,1.0,2.0
233,-112.0,12.84422,2.0,2.0,3.0,4.0,2.0
234,-104.0,12.84422,2.0,3.0,2.0,3.0,2.0
235,-96.0,12.84422,3.0,3.0,3.0,1.0,1.0
236,-88.0,12.84422,3.0,1.0,1.0,0.0,2.0
237,-80.0,12.84422,4.0,1.0,2.0,5.0,2.0
238,-72.0,12.84422,4.0,3.0,2.0,3.0,2.0
239,-64.0,12.84422,3.0,2.0,3.0,3.0,2.0
240,-56.0,12.84422,2.0,1.0,1.0,1.0,5.0
241,-48.0,12.84422,4.0,3.0,1.0,2.0,1.0
242,-40.0,12.84422,4.0,3.0,2.0,2.0,3.0
243,-32.0,12.84422,4.0,2.0,1.0,3.0,3.0
244,-24.0,12.84422,4.0,1.0,3.0,3.0,2.0
245,-16.0,12.84422,3.0,2.0,2.0,5.0,1.0
246,-8.0,12.84422,3.0,3.0,4.0,0.0,2.0
247,0.0,12.84422,1.0,2.0,2.0,6.0,4.0
248,8.0,12.84422,1.0,3.0,4.0,3.0,2.0
249,16.0,12.84422,4.0,2.0,0.0,4.0,4.0
250,24.0,12.84422,2.0,8.0,0.0,0.0,4.0
251,32.0,12.84422,2.0,3.0,2.0,2.0,3.0
252,40.0,12.84422,2.0,1.0,4.0,2.0,3.0
253,48.0,12.84422,2.0,3.0,4.0,2.0,3.0
254,56.0,12.84422,4.0,4.0,2.0,2.0,3.0
255,64.0,12.84422,3.0,1.0,4.0,1.0,5.0
256,72.0,12.84422,4.0,1.0,3.0,5.0,1.0
257,80.0,12.84422,3.0,2.0,1.0,5.0,2.0
258,88.0,12.84422,3.0,2.0,5.0,1.0,2.0
259,96.0,12.84422,2.0,4.0,2.0,2.0,2.0
260,104.0,12.84422,4.0,4.0,3.0,3.0,0.0
261,112.0,12.84422,2.0,3.0,3.0,3.0,2.0
262,120.0,12.84422,5.0,4.0,4.0,1.0,1.0
263,128.0,12.84422,2.0,5.0,3.0,3.0,1.0
264,136.0,12.84422,1.0,3.0,1.0,2.0,3.0
265,144.0,12.84422,3.0,3.0,1.0,2.0,3.0
266,152.0,12.84422,3.0,2.0,4.0,3.0,2.0
267,160.0,12.84422,2.0,4.0,3.0,3.0,3.0
268,168.0,12.84422,3.0,0.0,2.0,5.0,6.0
269,176.0,12.84422,1.0,2.0,4.0,4.0,2.0
270,-176.0,4.72115,1.0,4.0,1.0,4.0,2.0
271,-168.0,4.72115,3.0,1.0,2.0,3.0,7.0
272,-160.0,4.72115,5.0,2.0,2.0,0.0,4.0
273,-152.0,4.72115,1.0,5.0,3.0,3.0,2.0
274,-144.0,4.72115,3.0,4.0,3.0,1.0,2.0
275,-136.0,4.72115,2.0,2.0,5.0,1.0,5.0
276,-128.0,4.72115,3.0,2.0,1.0,3.0,3.0
277,-120.0,4.72115,3.0,5.0,1.0,1.0,2.0
278,-112.0,4.72115,2.0,1.0,5.0,6.0,1.0
279,-104.0,4.72115,1.0,4.0,0.0,6.0,1.0
280,-96.0,4.72115,1.0,3.0,2.0,6.0,3.0
281,-88.0,4.72115,2.0,2.0,5.0,1.0,3.0
282,-80.0,4.72115,6.0,2.0,3.0,1.0,1.0
283,-72.0,4.72115,3.0,1.0,5.0,2.0,3.0
284,-64.0,4.72115,1.0,2.0,3.0,3.0,5.0
285,-56.0,4.72115,5.0,6.0,0.0,2.0,2.0
286,-48.0,4.72115,2.0,1.0,5.0,1.0,1.0
287,-40.0,4.72115,4.0,1.0,2.0,4.0,3.0
288,-32.0,4.72115,2.0,4.0,4.0,2.0,3.0
289,-24.0,4.72115,3.0,2.0,5.0,1.0,2.0
290,-16.0,4.72115,3.0,2.0,3.0,1.0,4.0
291,-8.0,4.72115,3.0,4.0,2.0,0.0,3.0
292,0.0,4.72115,3.0,2.0,2.0,1.0,6.0
293,8.0,4.72115,5.0,2.0,1.0,3.0,2.0
294,16.0,4.72115,3.0,1.0,0.0,0.0,5.0
295,24.0,4.72115,1.0,2.0,3.0,3.0,2.0
296,32.0,4.72115,3.0,2.0,3.0,1.0,3.0
297,40.0,4.72115,0.0,3.0,1.0,7.0,4.0
298,48.0,4.72115,1.0,4.0,4.0,0.0,4.0
299,56.0,4.72115,3.0,2.0,5.0,3.0,1.0
300,64.0,4.72115,2.0,4.0,1.0,3.0,2.0
301,72.0,4.72115,4.0,4.0,3.0,1.0,2.0
302,80.0,4.72115,6.0,1.0,1.0,1.0,5.0
303,88.0,4.72115,1.0,4.0,5.0,4.0,1.0
304,96.0,4.72115,3.0,0.0,3.0,3.0,4.0
305,104.0,4.72115,3.0,2.0,2.0,6.0,2.0
306,112.0,4.72115,3.0,3.0,1.0,3.0,2.0
307,120.0,4.72115,2.0,4.0,3.0,2.0,3.0
308,128.0,4.72115,1.0,5.0,5.0,0.0,4.0
309,136.0,4.72115,2.0,3.0,2.0,3.0,4.0
310,144.0,4.72115,5.0,0.0,3.0,2.0,2.0
311,152.0,4.72115,3.0,1.0,1.0,4.0,5.0
312,160.0,4.72115,2.0,5.0,0.0,6.0,2.0
313,168.0,4.72115,1.0,5.0,2.0,1.0,3.0
314,176.0,4.72115,4.0,4.0,3.0,0.0,3.0
315,-176.0,-3.3057,0.0,3.0,1.0,6.0,2.0
316,-168.0,-3.3057,2.0,3.0,2.0,4.0,4.0
317,-160.0,-3.3057,3.0,4.0,1.0,4.0,3.0
318,-152.0,-3.3057,4.0,5.0,2.0,2.0,0.0
319,-144.0,-3.3057,1.0,4.0,4.0,5.0,1.0
320,-136.0,-3.3057,6.0,3.0,0.0,3.0,3.0
321,-128.0,-3.3057,3.0,2.0,3.0,1.0,5.0
322,-120.0,-3.3057,4.0,2.0,3.0,3.0,2.0
323,-112.0,-3.3057,2.0,1.0,6.0,1.0,2.0
324,-104.0,-3.3057,1.0,2.0,2.0,3.0,5.0
325,-96.0,-3.3057,3.0,0.0,6.0,3.0,4.0
326,-88.0,-3.3057,4.0,0.0,1.0,5.0,2.0
327,-80.0,-3.3057,3.0,3.0,2.0,1.0,1.0
328,-72.0,-3.3057,1.0,5.0,1.0,5.0,4.0
329,-64.0,-3.3057,3.0,2.0,3.0,1.0,5.0
330,-56.0,-3.3057,2.0,1.0,4.0,3.0,2.0
331,-48.0,-3.3057,1.0,3.0,6.0,3.0,0.0
332,-40.0,-3.3057,2.0,2.0,2.0,5.0,1.0
333,-32.0,-3.3057,1.0,6.0,5.0,1.0,1.0
334,-24.0,-3.3057,2.0,3.0,1.0,4.0,4.0
335,-16.0,-3.3057,2.0,2.0,2.0,6.0,0.0
336,-8.0,-3.3057,3.0,4.0,2.0,0.0,5.0
337,0.0,-3.3057,5.0,1.0,2.0,3.0,2.0
338,8.0,-3.3057,1.0,4.0,2.0,5.0,2.0
339,16.0,-3.3057,1.0,5.0,2.0,1.0,3.0
340,24.0,-3.3057,4.0,3.0,3.0,4.0,1.0
341,32.0,-3.3057,2.0,3.0,5.0,0.0,2.0
342,40.0,-3.3057,4.0,2.0,2.0,5.0,1.0
343,48.0,-3.3057,2.0,1.0,5.0,2.0,3.0
344,56.0,-3.3057,2.0,2.0,1.0,2.0,2.0
345,64.0,-3.3057,4.0,1.0,2.0,3.0,3.0
346,72.0,-3.3057,1.0,1.0,3.0,3.0,5.0
347,80.0,-3.3057,5.0,2.0,1.0,2.0,2.0
348,88.0,-3.3057,5.0,1.0,4.0,1.0,1.0
349,96.0,-3.3057,5.0,4.0,0.0,2.0,3.0
350,104.0,-3.3057,2.0,2.0,4.0,4.0,2.0
351,112.0,-3.3057,3.0,3.0,4.0,1.0,4.0
352,120.0,-3.3057,2.0,2.0,4.0,2.0,3.0
353,128.0,-3.3057,4.0,2.0,3.0,1.0,4.0
354,136.0,-3.3057,5.0,2.0,0.0,5.0,4.0
355,144.0,-3.3057,2.0,3.0,4.0,3.0,4.0
356,152.0,-3.3057,2.0,3.0,2.0,4.0,4.0
357,160.0,-3.3057,3.0,3.0,1.0,2.0,4.0
358,168.0,-3.3057,5.0,3.0,2.0,2.0,2.0
359,176.0,-3.3057,4.0,3.0,3.0,0.0,5.0
360,-176.0,-11.3996,3.0,2.0,1.0,3.0,5.0
361,-168.0,-11.3996,2.0,2.0,4.0,3.0,3.0
362,-160.0,-11.3996,5.0,0.0,3.0,3.0,2.0
363,-152.0,-11.3996,2.0,3.0,3.0,5.0,2.0
364,-144.0,-11.3996,2.0,6.0,2.0,1.0,4.0
365,-136.0,-11.3996,3.0,5.0,2.0,4.0,0.0
366,-128.0,-11.3996,0.0,2.0,0.0,8.0,1.0
367,-120.0,-11.3996,5.0,3.0,3.0,1.0,2.0
368,-112.0,-11.3996,4.0,3.0,2.0,1.0,1.0
369,-104.0,-11.3996,6.0,2.0,0.0,3.0,4.0
370,-96.0,-11.3996,2.0,2.0,2.0,4.0,4.0
371,-88.0,-11.3996,2.0,3.0,2.0,2.0,2.0
372,-80.0,-11.3996,3.0,4.0,1.0,2.0,2.0
373,-72.0,-11.3996,2.0,2.0,2.0,7.0,2.0
374,-64.0,-11.3996,5.0,2.0,0.0,5.0,1.0
375,-56.0,-11.3996,3.0,5.0,2.0,3.0,1.0
376,-48.0,-11.3996,3.0,2.0,5.0,2.0,4.0
377,-40.0,-11.3996,6.0,2.0,2.0,3.0,0.0
378,-32.0,-11.3996,6.0,4.0,2.0,1.0,1.0
379,-24.0,-11.3996,3.0,3.0,3.0,3.0,4.0
380,-16.0,-11.3996,0.0,4.0,3.0,6.0,1.0
381,-8.0,-11.3996,0.0,6.0,3.0,3.0,3.0
382,0.0,-11.3996,3.0,2.0,2.0,4.0,1.0
383,8.0,-11.3996,1.0,3.0,0.0,4.0,3.0
384,16.0,-11.3996,3.0,1.0,3.0,3.0,4.0
385,24.0,-11.3996,1.0,3.0,1.0,4.0,3.0
386,32.0,-11.3996,2.0,4.0,4.0,4.0,1.0
387,40.0,-11.3996,1.0,7.0,1.0,2.0,5.0
388,48.0,-11.3996,4.0,1.0,3.0,0.0,2.0
389,56.0,-11.3996,7.0,2.0,1.0,3.0,3.0
390,64.0,-11.3996,3.0,2.0,5.0,2.0,2.0
391,72.0,-11.3996,4.0,3.0,2.0,3.0,4.0
392,80.0,-11.3996,1.0,5.0,1.0,3.0,3.0
393,88.0,-11.3996,4.0,3.0,1.0,2.0,1.0
394,96.0,-11.3996,5.0,1.0,4.0,3.0,1.0
395,104.0,-11.3996,4.0,2.0,2.0,1.0,4.0
396,112.0,-11.3996,4.0,1.0,2.0,4.0,3.0
397,120.0,-11.3996,3.0,3.0,2.0,2.0,3.0
398,128.0,-11.3996,1.0,4.0,2.0,4.0,3.0
399,136.0,-11.3996,3.0,6.0,1.0,3.0,2.0
400,144.0,-11.3996,3.0,4.0,3.0,3.0,1.0
401,152.0,-11.3996,3.0,1.0,2.0,4.0,3.0
402,160.0,-11.3996,2.0,2.0,3.0,2.0,6.0
403,168.0,-11.3996,5.0,5.0,0.0,2.0,1.0
404,176.0,-11.3996,3.0,1.0,1.0,4.0,2.0
405,-176.0,-19.73712,2.0,2.0,6.0,2.0,3.0
406,-168.0,-19.73712,3.0,4.0,1.0,1.0,3.0
407,-160.0,-19.73712,2.0,1.0,5.0,0.0,5.0
408,-152.0,-19.73712,4.0,2.0,2.0,3.0,4.0
409,-144.0,-19.73712,5.0,5.0,0.0,2.0,1.0
410,-136.0,-19.73712,6.0,2.0,3.0,2.0,1.0
411,-128.0,-19.73712,4.0,2.0,5.0,3.0,1.0
412,-120.0,-19.73712,5.0,1.0,1.0,4.0,1.0
413,-112.0,-19.73712,0.0,4.0,6.0,3.0,1.0
414,-104.0,-19.73712,2.0,4.0,4.0,3.0,1.0
415,-96.0,-19.73712,4.0,1.0,0.0,3.0,3.0
416,-88.0,-19.73712,3.0,2.0,1.0,4.0,3.0
417,-80.0,-19.73712,3.0,5.0,2.0,2.0,1.0
418,-72.0,-19.73712,4.0,3.0,1.0,4.0,2.0
419,-64.0,-19.73712,4.0,2.0,4.0,3.0,0.0
420,-56.0,-19.73712,3.0,1.0,3.0,5.0,1.0
421,-48.0,-19.73712,3.0,1.0,2.0,4.0,2.0
422,-40.0,-19.73712,3.0,0.0,5.0,3.0,3.0
423,-32.0,-19.73712,3.0,3.0,3.0,3.0,2.0
424,-24.0,-19.73712,3.0,1.0,4.0,2.0,3.0
425,-16.0,-19.73712,2.0,3.0,1.0,3.0,3.0
426,-8.0,-19.73712,2.0,1.0,2.0,2.0,4.0
427,0.0,-19.73712,4.0,2.0,1.0,4.0,2.0
428,8.0,-19.73712,5.0,3.0,3.0,1.0,2.0
429,16.0,-19.73712,2.0,3.0,2.0,2.0,2.0
430,24.0,-19.73712,0.0,2.0,3.0,5.0,4.0
431,32.0,-19.73712,4.0,1.0,2.0,6.0,0.0
432,40.0,-19.73712,2.0,5.0,1.0,2.0,3.0
433,48.0,-19.73712,1.0,2.0,3.0,4.0,3.0
434,56.0,-19.73712,3.0,3.0,3.0,3.0,2.0
435,64.0,-19.73712,2.0,6.0,3.0,1.0,1.0
436,72.0,-19.73712,8.0,3.0,1.0,2.0,1.0
437,80.0,-19.73712,3.0,3.0,0.0,0.0,4.0
438,88.0,-19.73712,2.0,1.0,3.0,1.0,4.0
439,96.0,-19.73712,0.0,5.0,3.0,3.0,1.0
440,104.0,-19.73712,2.0,2.0,1.0,6.0,3.0
441,112.0,-19.73712,6.0,1.0,0.0,4.0,3.0
442,120.0,-19.73712,3.0,1.0,3.0,4.0,2.0
443,128.0,-19.73712,1.0,1.0,2.0,5.0,5.0
444,136.0,-19.73712,4.0,2.0,0.0,2.0,2.0
445,144.0,-19.73712,4.0,5.0,2.0,2.0,2.0
446,152.0,-19.73712,3.0,4.0,4.0,3.0,0.0
447,160.0,-19.73712,4.0,2.0,2.0,2.0,4.0
448,168.0,-19.73712,3.0,1.0,3.0,5.0,2.0
449,176.0,-19.73712,1.0,5.0,1.0,1.0,3.0
450,-176.0,-28.549190000000003,3.0,4.0,6.0,2.0,0.0
451,-168.0,-28.549190000000003,3.0,4.0,2.0,2.0,2.0
452,-160.0,-28.549190000000003,0.0,4.0,1.0,3.0,6.0
453,-152.0,-28.549190000000003,4.0,3.0,2.0,3.0,1.0
454,-144.0,-28.549190000000003,3.0,4.0,3.0,3.0,1.0
455,-136.0,-28.549190000000003,3.0,4.0,3.0,2.0,2.0
456,-128.0,-28.549190000000003,1.0,2.0,2.0,2.0,2.0
457,-120.0,-28.549190000000003,5.0,1.0,2.0,2.0,3.0
458,-112.0,-28.549190000000003,6.0,2.0,1.0,1.0,3.0
459,-104.0,-28.549190000000003,4.0,1.0,3.0,1.0,4.0
460,-96.0,-28.549190000000003,4.0,2.0,1.0,1.0,3.0
461,-88.0,-28.549190000000003,2.0,2.0,3.0,1.0,4.0
462,-80.0,-28.549190000000003,1.0,5.0,3.0,2.0,1.0
463,-72.0,-28.549190000000003,6.0,3.0,2.0,4.0,1.0
464,-64.0,-28.549190000000003,5.0,2.0,1.0,3.0,2.0
465,-56.0,-28.549190000000003,2.0,2.0,1.0,6.0,0.0
466,-48.0,-28.549190000000003,2.0,5.0,2.0,2.0,4.0
467,-40.0,-28.549190000000003,1.0,4.0,4.0,3.0,4.0
468,-32.0,-28.549190000000003,2.0,3.0,3.0,1.0,5.0
469,-24.0,-28.549190000000003,4.0,3.0,0.0,3.0,3.0
470,-16.0,-28.549190000000003,2.0,3.0,2.0,4.0,2.0
471,-8.0,-28.549190000000003,2.0,2.0,3.0,3.0,3.0
472,0.0,-28.549190000000003,2.0,4.0,3.0,3.0,2.0
473,8.0,-28.549190000000003,1.0,2.0,3.0,4.0,5.0
474,16.0,-28.549190000000003,1.0,3.0,5.0,2.0,4.0
475,24.0,-28.549190000000003,3.0,4.0,4.0,1.0,0.0
476,32.0,-28.549190000000003,2.0,2.0,5.0,5.0,1.0
477,40.0,-28.549190000000003,3.0,4.0,1.0,1.0,3.0
478,48.0,-28.549190000000003,1.0,3.0,3.0,4.0,2.0
479,56.0,-28.549190000000003,1.0,4.0,3.0,1.0,2.0
480,64.0,-28.549190000000003,4.0,5.0,1.0,3.0,2.0
481,72.0,-28.549190000000003,2.0,2.0,5.0,1.0,1.0
482,80.0,-28.549190000000003,0.0,3.0,4.0,2.0,2.0
483,88.0,-28.549190000000003,3.0,2.0,2.0,5.0,1.0
484,96.0,-28.549190000000003,3.0,4.0,4.0,2.0,1.0
485,104.0,-28.549190000000003,4.0,2.0,4.0,3.0,2.0
486,112.0,-28.549190000000003,3.0,2.0,5.0,1.0,2.0
487,120.0,-28.549190000000003,2.0,1.0,6.0,2.0,4.0
488,128.0,-28.549190000000003,2.0,5.0,1.0,1.0,4.0
489,136.0,-28.549190000000003,1.0,2.0,2.0,2.0,6.0
490,144.0,-28.549190000000003,3.0,3.0,4.0,1.0,2.0
491,152.0,-28.549190000000003,3.0,3.0,3.0,1.0,1.0
492,160.0,-28.549190000000003,3.0,3.0,0.0,5.0,2.0
493,168.0,-28.549190000000003,3.0,2.0,1.0,4.0,3.0
494,176.0,-28.549190000000003,5.0,1.0,3.0,2.0,4.0
495,-176.0,-38.20473,1.0,1.0,6.0,2.0,6.0
496,-168.0,-38.20473,4.0,2.0,4.0,0.0,2.0
497,-160.0,-38.20473,2.0,2.0,3.0,4.0,3.0
498,-152.0,-38.20473,4.0,2.0,3.0,3.0,2.0
499,-144.0,-38.20473,4.0,2.0,0.0,3.0,3.0
500,-136.0,-38.20473,2.0,3.0,2.0,0.0,4.0
501,-128.0,-38.20473,3.0,2.0,2.0,4.0,2.0
502,-120.0,-38.20473,4.0,6.0,2.0,2.0,1.0
503,-112.0,-38.20473,6.0,3.0,1.0,2.0,2.0
504,-104.0,-38.20473,3.0,2.0,4.0,1.0,1.0
505,-96.0,-38.20473,1.0,3.0,1.0,8.0,1.0
506,-88.0,-38.20473,3.0,1.0,3.0,4.0,2.0
507,-80.0,-38.20473,0.0,4.0,0.0,7.0,2.0
508,-72.0,-38.20473,2.0,3.0,1.0,4.0,1.0
509,-64.0,-38.20473,0.0,1.0,5.0,3.0,5.0
510,-56.0,-38.20473,5.0,2.0,2.0,2.0,4.0
511,-48.0,-38.20473,1.0,4.0,1.0,3.0,3.0
512,-40.0,-38.20473,0.0,1.0,6.0,3.0,2.0
513,-32.0,-38.20473,7.0,4.0,2.0,0.0,0.0
514,-24.0,-38.20473,2.0,5.0,1.0,3.0,1.0
515,-16.0,-38.20473,1.0,2.0,3.0,8.0,2.0
516,-8.0,-38.20473,3.0,1.0,4.0,1.0,4.0
517,0.0,-38.20473,2.0,1.0,2.0,2.0,3.0
518,8.0,-38.20473,3.0,4.0,4.0,1.0,2.0
519,16.0,-38.20473,4.0,1.0,3.0,3.0,4.0
520,24.0,-38.20473,1.0,1.0,3.0,5.0,3.0
521,32.0,-38.20473,3.0,3.0,0.0,4.0,2.0
522,40.0,-38.20473,3.0,2.0,1.0,4.0,3.0
523,48.0,-38.20473,5.0,2.0,3.0,3.0,0.0
524,56.0,-38.20473,3.0,2.0,5.0,2.0,3.0
525,64.0,-38.20473,2.0,3.0,4.0,2.0,4.0
526,72.0,-38.20473,2.0,0.0,5.0,3.0,3.0
527,80.0,-38.20473,2.0,5.0,3.0,1.0,2.0
528,88.0,-38.20473,5.0,4.0,1.0,3.0,3.0
529,96.0,-38.20473,3.0,5.0,3.0,1.0,3.0
530,104.0,-38.20473,2.0,3.0,4.0,3.0,1.0
531,112.0,-38.20473,4.0,0.0,2.0,3.0,4.0
532,120.0,-38.20473,3.0,1.0,6.0,2.0,2.0
533,128.0,-38.20473,4.0,1.0,3.0,1.0,5.0
534,136.0,-38.20473,1.0,4.0,2.0,0.0,5.0
535,144.0,-38.20473,4.0,2.0,1.0,4.0,3.0
536,152.0,-38.20473,6.0,1.0,2.0,4.0,2.0
537,160.0,-38.20473,2.0,2.0,4.0,2.0,5.0
538,168.0,-38.20473,1.0,1.0,2.0,6.0,2.0
539,176.0,-38.20473,2.0,4.0,2.0,3.0,3.0
540,-176.0,-49.46882,2.0,1.0,1.0,4.0,6.0
541,-168.0,-49.46882,3.0,2.0,4.0,2.0,0.0
542,-160.0,-49.46882,3.0,2.0,1.0,5.0,2.0
543,-152.0,-49.46882,3.0,3.0,0.0,4.0,2.0
544,-144.0,-49.46882,1.0,0.0,2.0,3.0,6.0
545,-136.0,-49.46882,2.0,3.0,0.0,2.0,5.0
546,-128.0,-49.46882,2.0,5.0,1.0,4.0,1.0
547,-120.0,-49.46882,3.0,3.0,2.0,4.0,0.0
548,-112.0,-49.46882,7.0,2.0,3.0,2.0,1.0
549,-104.0,-49.46882,4.0,3.0,1.0,5.0,1.0
550,-96.0,-49.46882,1.0,2.0,6.0,2.0,2.0
551,-88.0,-49.46882,3.0,1.0,4.0,5.0,1.0
552,-80.0,-49.46882,2.0,1.0,6.0,3.0,3.0
553,-72.0,-49.46882,5.0,4.0,3.0,0.0,1.0
554,-64.0,-49.46882,1.0,5.0,3.0,2.0,1.0
555,-56.0,-49.46882,6.0,3.0,4.0,2.0,0.0
556,-48.0,-49.46882,2.0,6.0,4.0,1.0,1.0
557,-40.0,-49.46882,1.0,1.0,2.0,2.0,2.0
558,-32.0,-49.46882,2.0,3.0,3.0,5.0,3.0
559,-24.0,-49.46882,3.0,2.0,1.0,1.0,7.0
560,-16.0,-49.46882,4.0,2.0,3.0,3.0,3.0
561,-8.0,-49.46882,4.0,1.0,1.0,3.0,4.0
562,0.0,-49.46882,1.0,2.0,3.0,6.0,2.0
563,8.0,-49.46882,3.0,3.0,2.0,4.0,2.0
564,16.0,-49.46882,2.0,1.0,2.0,1.0,4.0
565,24.0,-49.46882,3.0,3.0,2.0,4.0,2.0
566,32.0,-49.46882,1.0,1.0,2.0,3.0,5.0
567,40.0,-49.46882,5.0,0.0,5.0,1.0,1.0
568,48.0,-49.46882,4.0,1.0,6.0,0.0,3.0
569,56.0,-49.46882,0.0,1.0,9.0,4.0,1.0
570,64.0,-49.46882,1.0,2.0,4.0,5.0,0.0
571,72.0,-49.46882,2.0,0.0,6.0,4.0,2.0
572,80.0,-49.46882,3.0,2.0,1.0,3.0,3.0
573,88.0,-49.46882,4.0,3.0,3.0,1.0,2.0
574,96.0,-49.46882,1.0,5.0,2.0,3.0,2.0
575,104.0,-49.46882,3.0,3.0,1.0,2.0,3.0
576,112.0,-49.46882,3.0,4.0,3.0,3.0,1.0
577,120.0,-49.46882,2.0,5.0,2.0,5.0,1.0
578,128.0,-49.46882,4.0,3.0,2.0,5.0,0.0
579,136.0,-49.46882,2.0,3.0,2.0,4.0,3.0
580,144.0,-49.46882,1.0,4.0,3.0,3.0,3.0
581,152.0,-49.46882,2.0,1.0,5.0,2.0,4.0
582,160.0,-49.46882,3.0,3.0,4.0,3.0,2.0
583,168.0,-49.46882,2.0,2.0,3.0,3.0,5.0
584,176.0,-49.46882,3.0,6.0,2.0,1.0,1.0
585,-176.0,-65.22635,3.0,3.0,2.0,4.0,1.0
586,-168.0,-65.22635,3.0,1.0,2.0,5.0,2.0
587,-160.0,-65.22635,6.0,3.0,0.0,1.0,1.0
588,-152.0,-65.22635,3.0,6.0,0.0,4.0,0.0
589,-144.0,-65.22635,3.0,2.0,3.0,3.0,3.0
590,-136.0,-65.22635,3.0,3.0,3.0,2.0,3.0
591,-128.0,-65.22635,3.0,1.0,1.0,5.0,3.0
592,-120.0,-65.22635,2.0,3.0,3.0,1.0,5.0
593,-112.0,-65.22635,4.0,3.0,4.0,2.0,2.0
594,-104.0,-65.22635,2.0,4.0,4.0,1.0,2.0
595,-96.0,-65.22635,0.0,3.0,4.0,3.0,3.0
596,-88.0,-65.22635,1.0,5.0,1.0,4.0,4.0
597,-80.0,-65.22635,5.0,4.0,1.0,2.0,2.0
598,-72.0,-65.22635,3.0,2.0,3.0,2.0,3.0
599,-64.0,-65.22635,1.0,3.0,2.0,2.0,5.0
600,-56.0,-65.22635,4.0,1.0,0.0,1.0,5.0
601,-48.0,-65.22635,4.0,1.0,4.0,1.0,3.0
602,-40.0,-65.22635,1.0,1.0,3.0,3.0,4.0
603,-32.0,-65.22635,2.0,2.0,3.0,4.0,2.0
604,-24.0,-65.22635,3.0,2.0,2.0,2.0,2.0
605,-16.0,-65.22635,3.0,3.0,2.0,5.0,1.0
606,-8.0,-65.22635,0.0,4.0,0.0,6.0,3.0
607,0.0,-65.22635,2.0,4.0,4.0,3.0,1.0
608,8.0,-65.22635,2.0,3.0,3.0,5.0,2.0
609,16.0,-65.22635,3.0,1.0,3.0,1.0,6.0
610,24.0,-65.22635,0.0,4.0,1.0,5.0,2.0
611,32.0,-65.22635,3.0,1.0,5.0,0.0,3.0
612,40.0,-65.22635,3.0,2.0,4.0,2.0,3.0
613,48.0,-65.22635,3.0,1.0,0.0,5.0,5.0
614,56.0,-65.22635,1.0,6.0,6.0,0.0,1.0
615,64.0,-65.22635,1.0,1.0,5.0,4.0,2.0
616,72.0,-65.22635,2.0,3.0,3.0,2.0,3.0
617,80.0,-65.22635,2.0,1.0,4.0,3.0,2.0
618,88.0,-65.22635,3.0,2.0,4.0,2.0,2.0
619,96.0,-65.22635,2.0,3.0,3.0,3.0,3.0
620,104.0,-65.22635,2.0,2.0,1.0,2.0,7.0
621,112.0,-65.22635,2.0,4.0,3.0,0.0,4.0
622,120.0,-65.22635,2.0,3.0,4.0,5.0,2.0
623,128.0,-65.22635,6.0,2.0,3.0,0.0,2.0
624,136.0,-65.22635,4.0,2.0,6.0,1.0,2.0
625,144.0,-65.22635,4.0,1.0,4.0,1.0,4.0
626,152.0,-65.22635,2.0,4.0,2.0,5.0,0.0
627,160.0,-65.22635,3.0,5.0,0.0,3.0,3.0
628,168.0,-65.22635,1.0,3.0,3.0,1.0,4.0
629,176.0,-65.22635,2.0,1.0,4.0,4.0,2.0
