"","x","y","area","peri","land_perc","temp","prec","active","upper","lower","right","left","upper_left","upper_right","lower_left","lower_right","grad","habitArea"
"1",-2302033.12519051,3062202.34687399,21129.7512958831,617.479091758734,NA,NA,NA,0,0,0,0,0,0,0,0,0,NA,NA
"2",-2199627.52742533,3062202.34687399,21129.7512958831,617.479091758734,NA,NA,NA,0,0,0,0,0,0,0,0,0,NA,NA
"3",-2097221.92966015,3062202.34687399,21129.7512958831,617.479091758734,0.533839892345641,282.641482513283,39.5859420028449,1,0,1,1,0,0,0,0,1,168.518568561805,382.206050856544
"4",-1994816.33189497,3062202.34687399,21129.7512958831,617.479091758734,0.538534642643403,283.12576248552,16.5598501928232,1,0,1,1,1,0,0,1,1,125.507714123999,119.079125405004
"5",-1892410.73412979,3062202.34687399,21129.7512958831,617.479091758734,0.909022083777247,280.19874682769,31.7680637306676,1,0,1,1,1,0,0,1,1,326.484023964951,594.239467109591
"6",-1790005.13636461,3062202.34687399,21129.7512958831,617.479091758734,0.77455606229972,279.001475768011,10.7108267373909,1,0,1,1,1,0,0,1,1,251.049142218853,154.060232386591
"7",-1687599.53859943,3062202.34687399,21129.7512958831,617.479091758734,0.648095525379288,280.606703636787,6.14480722220743,1,0,1,1,1,0,0,1,1,171.238209334312,60.2861782072806
"8",-1585193.94083425,3062202.34687399,21129.7512958831,617.479091758734,0.529511222069432,279.684251648399,10.976412679248,1,0,1,1,1,0,0,1,1,231.128358672046,145.352489600652
"9",-1482788.34306906,3062202.34687399,21129.7512958831,617.479091758734,0.418719245511257,278.502435738377,13.0491327641812,1,0,1,1,1,0,0,1,1,266.126979258909,198.966228112961
"10",-1380382.74530388,3062202.34687399,21129.7512958831,617.479091758734,0.31565525590233,277.191395517912,12.6621924174835,1,0,1,1,1,0,0,1,1,247.873503649688,179.824071734793
"11",-1277977.1475387,3062202.34687399,21129.7512958831,617.479091758734,0.220253377137214,276.813151801589,12.6149672479114,1,0,1,0,1,0,0,1,1,79.2760833846267,57.297691641567
"12",-1175571.54977352,3062202.34687399,21129.7512958831,617.479091758734,NA,NA,NA,0,0,0,0,0,0,0,0,0,16.576464899199,NA
"13",-1073165.95200834,3062202.34687399,21129.7512958831,617.479091758734,NA,NA,NA,0,0,0,0,0,0,0,0,0,21.2827465862771,NA
"14",-970760.354243158,3062202.34687399,21129.7512958831,617.479091758734,NA,NA,NA,0,0,0,0,0,0,0,0,0,17.661055251109,NA
"15",-868354.756477977,3062202.34687399,21129.7512958831,617.479091758734,NA,NA,NA,0,0,0,0,0,0,0,0,0,NA,NA
"16",-765949.158712796,3062202.34687399,21129.7512958831,617.479091758734,NA,NA,NA,0,0,0,0,0,0,0,0,0,NA,NA
"17",-663543.560947615,3062202.34687399,21129.7512958831,617.479091758734,NA,NA,NA,0,0,0,0,0,0,0,0,0,NA,NA
"18",-561137.963182434,3062202.34687399,21129.751295883,617.479091758733,NA,NA,NA,0,0,0,0,0,0,0,0,0,NA,NA
"19",-458732.365417253,3062202.34687399,21129.751295883,617.479091758733,NA,NA,NA,0,0,0,0,0,0,0,0,0,NA,NA
"20",-356326.767652072,3062202.34687399,21129.751295883,617.479091758733,NA,NA,NA,0,0,0,0,0,0,0,0,0,NA,NA
"21",-253921.16988689,3062202.34687399,21129.751295883,617.479091758733,NA,NA,NA,0,0,0,0,0,0,0,0,0,NA,NA
"22",-151515.57212171,3062202.34687399,21129.751295883,617.479091758733,NA,NA,NA,0,0,0,0,0,0,0,0,0,NA,NA
"23",-49109.9743565284,3062202.34687399,21129.751295883,617.479091758733,NA,NA,NA,0,0,0,0,0,0,0,0,0,NA,NA
"24",53295.6234086528,3062202.34687399,21129.751295883,617.479091758733,NA,NA,NA,0,0,0,0,0,0,0,0,0,NA,NA
"25",155701.221173834,3062202.34687399,21129.751295883,617.479091758733,NA,NA,NA,0,0,0,0,0,0,0,0,0,NA,NA
"26",258106.818939015,3062202.34687399,21129.751295883,617.479091758733,NA,NA,NA,0,0,0,0,0,0,0,0,0,NA,NA
"27",360512.416704196,3062202.34687399,21129.751295883,617.479091758733,NA,NA,NA,0,0,0,0,0,0,0,0,0,NA,NA
"28",462918.014469377,3062202.34687399,21129.751295883,617.479091758733,NA,NA,NA,0,0,0,0,0,0,0,0,0,NA,NA
"29",565323.612234558,3062202.34687399,21129.751295883,617.479091758733,NA,NA,NA,0,0,0,0,0,0,0,0,0,NA,NA
"30",667729.20999974,3062202.34687399,21129.7512958831,617.479091758734,NA,NA,NA,0,0,0,0,0,0,0,0,0,NA,NA
"31",770134.80776492,3062202.34687399,21129.7512958831,617.479091758734,NA,NA,NA,0,0,0,0,0,0,0,0,0,NA,NA
"32",872540.405530102,3062202.34687399,21129.7512958831,617.479091758734,NA,NA,NA,0,0,0,0,0,0,0,0,0,NA,NA
"33",974946.003295283,3062202.34687399,21129.7512958831,617.479091758734,NA,NA,NA,0,0,0,0,0,0,0,0,0,NA,NA
"34",1077351.60106046,3062202.34687399,21129.7512958831,617.479091758734,NA,NA,NA,0,0,0,0,0,0,0,0,0,NA,NA
"35",1179757.19882564,3062202.34687399,21129.7512958831,617.479091758734,NA,NA,NA,0,0,0,0,0,0,0,0,0,NA,NA
"36",1282162.79659083,3062202.34687399,21129.751295883,617.479091758734,NA,NA,NA,0,0,0,0,0,0,0,0,0,NA,NA
"37",1384568.39435601,3062202.34687399,21129.7512958831,617.479091758734,NA,NA,NA,0,0,0,0,0,0,0,0,0,NA,NA
"38",1486973.99212119,3062202.34687399,21129.7512958831,617.479091758734,NA,NA,NA,0,0,0,0,0,0,0,0,0,NA,NA
"39",1589379.58988637,3062202.34687399,21129.7512958831,617.479091758734,NA,NA,NA,0,0,0,0,0,0,0,0,0,NA,NA
"40",1691785.18765155,3062202.34687399,21129.7512958831,617.479091758734,NA,NA,NA,0,0,0,0,0,0,0,0,0,NA,NA
"41",1794190.78541673,3062202.34687399,21129.7512958831,617.479091758734,NA,NA,NA,0,0,0,0,0,0,0,0,0,NA,NA
"42",1896596.38318191,3062202.34687399,21129.7512958831,617.479091758734,NA,NA,NA,0,0,0,0,0,0,0,0,0,NA,NA
"43",1999001.98094709,3062202.34687399,21129.7512958831,617.479091758734,NA,NA,NA,0,0,0,0,0,0,0,0,0,56.1353759943294,NA
"44",2101407.57871227,3062202.34687399,21129.7512958831,617.479091758734,NA,NA,NA,0,0,0,0,0,0,0,0,0,61.740407986457,NA
"45",2203813.17647746,3062202.34687399,21129.7512958831,617.479091758734,NA,NA,NA,0,0,0,0,0,0,0,0,0,NA,NA
"46",-2302033.12519051,2855868.3987598,21129.7512958831,617.479091758734,NA,NA,NA,0,0,0,0,0,0,0,0,0,NA,NA
"47",-2199627.52742533,2855868.3987598,21129.7512958831,617.479091758734,NA,NA,NA,0,0,0,0,0,0,0,0,0,132.047870588121,NA
"48",-2097221.92966015,2855868.3987598,21129.7512958831,617.479091758734,0.880208604446304,283.635488115148,27.2302328562077,1,1,1,1,0,0,1,1,1,96.6491922549108,150.785089007911
"49",-1994816.33189497,2855868.3987598,21129.7512958831,617.479091758734,1,281.941295154825,26.1087189943512,1,1,1,1,1,1,1,1,1,167.394136698904,250.400169590061
"50",-1892410.73412979,2855868.3987598,21129.7512958831,617.479091758734,1,281.076749156761,10.769695555378,1,1,1,1,1,1,1,1,1,140.814564020062,86.8880027017371
"51",-1790005.13636461,2855868.3987598,21129.7512958831,617.479091758734,1,283.583440984533,3.4009118121096,1,1,1,1,1,1,1,1,1,54.5026133098145,10.6199264691808
"52",-1687599.53859943,2855868.3987598,21129.7512958831,617.479091758734,1,282.757653498462,5.49268193676579,1,1,1,1,1,1,1,1,1,55.5165612863711,17.4709218827607
"53",-1585193.94083425,2855868.3987598,21129.7512958831,617.479091758734,1,281.576302119321,9.23203870458809,1,1,1,1,1,1,1,1,1,93.4073798669989,49.4069016030177
"54",-1482788.34306906,2855868.3987598,21129.7512958831,617.479091758734,1,278.995707227276,15.71897213703,1,1,1,1,1,1,1,1,1,237.751693852822,214.119675542176
"55",-1380382.74530388,2855868.3987598,21129.7512958831,617.479091758734,1,278.71254498914,9.60872973896486,1,1,1,1,1,1,1,1,1,179.164268320577,98.633896786707
"56",-1277977.1475387,2855868.3987598,21129.7512958831,617.479091758734,1,277.021357977596,10.8488973019993,1,1,1,1,1,1,0,1,1,193.842212448739,120.487715180736
"57",-1175571.54977352,2855868.3987598,21129.7512958831,617.479091758734,1,279.558289090691,4.85734327537819,1,0,1,1,1,1,0,1,1,48.2791635785938,13.4359180722858
"58",-1073165.95200834,2855868.3987598,21129.7512958831,617.479091758734,1,279.61061153263,5.01731244336968,1,0,1,1,1,0,0,1,1,40.1922997119249,11.5537460006227
"59",-970760.354243158,2855868.3987598,21129.7512958831,617.479091758734,0.977901849642559,279.533690253137,5.14607994971175,1,0,1,1,1,0,0,1,1,37.2347194999713,10.9782578863226
"60",-868354.756477977,2855868.3987598,21129.7512958831,617.479091758734,0.91399516039074,279.431434661287,4.76497104609768,1,0,1,1,1,0,0,1,1,28.014913963716,7.64818477811893
"61",-765949.158712796,2855868.3987598,21129.7512958831,617.479091758734,0.856001692738316,278.685579508139,4.81325974073482,1,0,1,1,1,0,0,1,1,22.0403522750881,6.07808323020505
"62",-663543.560947615,2855868.3987598,21129.7512958831,617.479091758734,0.805356789353389,278.562020697859,5.14278046652473,1,0,1,1,1,0,0,1,1,23.0299601061175,6.78578326092614
"63",-561137.963182434,2855868.3987598,21129.751295883,617.479091758733,0.762033926774366,277.985480346503,5.59279629232551,1,0,1,1,1,0,0,1,1,17.9728574249766,5.75910429000414
"64",-458732.365417253,2855868.3987598,21129.751295883,617.479091758733,0.725996009658864,277.349619834292,6.21906482532245,1,0,1,1,1,0,0,1,1,12.4692917871561,4.44299356538397
"65",-356326.767652072,2855868.3987598,21129.751295883,617.479091758733,0.697219608735356,277.262563594436,6.55457339559664,1,0,1,1,1,0,0,1,1,7.34327587949878,2.7576750392044
"66",-253921.16988689,2855868.3987598,21129.751295883,617.479091758733,0.675694975412531,276.74813200588,6.93247612608672,1,0,1,1,1,0,0,1,1,8.31157279033973,3.30126515598119
"67",-151515.57212171,2855868.3987598,21129.751295883,617.479091758733,0.661424087265175,276.835491955,7.39555135015637,1,0,1,1,1,0,0,1,1,6.54195213561401,2.77195855045139
"68",-49109.9743565284,2855868.3987598,21129.751295883,617.479091758733,0.654353629795912,277.018604020546,8.056388802639,1,0,1,1,1,0,0,1,1,2.84909241901953,1.31509088323394
"69",53295.6234086528,2855868.3987598,21129.751295883,617.479091758733,0.685308433016587,276.663338943884,8.64468536818948,1,0,1,1,1,0,0,1,1,3.97950505433136,1.97100199884191
"70",155701.221173834,2855868.3987598,21129.751295883,617.479091758733,0.467346280217508,276.668085612988,9.24048288108029,1,0,1,1,1,0,0,1,1,10.6502906227982,5.6385175746048
"71",258106.818939015,2855868.3987598,21129.751295883,617.479091758733,0.382479511070519,276.288620656573,9.66153983598084,1,0,1,1,1,0,0,1,1,18.3111595873605,10.1361028651247
"72",360512.416704196,2855868.3987598,21129.751295883,617.479091758733,0.235923976983302,276.021695034209,10.0100594393571,1,0,1,1,1,0,0,1,1,20.3939168835126,11.6962357682644
"73",462918.014469377,2855868.3987598,21129.751295883,617.479091758733,0.220517000832391,276.041981919922,10.6999506576882,1,0,1,1,1,0,0,1,1,28.2486022532387,17.3175939103466
"74",565323.612234558,2855868.3987598,21129.751295883,617.479091758733,0.337167857958262,276.664119661345,9.40301517784067,1,0,1,0,1,0,0,1,1,32.8456322250213,17.6951225856133
"75",667729.20999974,2855868.3987598,21129.7512958831,617.479091758734,NA,NA,NA,0,0,0,0,0,0,0,0,0,NA,NA
"76",770134.80776492,2855868.3987598,21129.7512958831,617.479091758734,NA,NA,NA,0,0,0,0,0,0,0,0,0,NA,NA
"77",872540.405530102,2855868.3987598,21129.7512958831,617.479091758734,NA,NA,NA,0,0,0,0,0,0,0,0,0,NA,NA
"78",974946.003295283,2855868.3987598,21129.7512958831,617.479091758734,NA,NA,NA,0,0,0,0,0,0,0,0,0,NA,NA
"79",1077351.60106046,2855868.3987598,21129.7512958831,617.479091758734,NA,NA,NA,0,0,0,0,0,0,0,0,0,NA,NA
"80",1179757.19882564,2855868.3987598,21129.7512958831,617.479091758734,NA,NA,NA,0,0,0,0,0,0,0,0,0,NA,NA
"81",1282162.79659083,2855868.3987598,21129.751295883,617.479091758734,NA,NA,NA,0,0,0,0,0,0,0,0,0,NA,NA
"82",1384568.39435601,2855868.3987598,21129.7512958831,617.479091758734,NA,NA,NA,0,0,0,0,0,0,0,0,0,NA,NA
"83",1486973.99212119,2855868.3987598,21129.7512958831,617.479091758734,NA,NA,NA,0,0,0,0,0,0,0,0,0,NA,NA
"84",1589379.58988637,2855868.3987598,21129.7512958831,617.479091758734,NA,NA,NA,0,0,0,0,0,0,0,0,0,NA,NA
"85",1691785.18765155,2855868.3987598,21129.7512958831,617.479091758734,NA,NA,NA,0,0,0,0,0,0,0,0,0,NA,NA
"86",1794190.78541673,2855868.3987598,21129.7512958831,617.479091758734,NA,NA,NA,0,0,0,0,0,0,0,0,0,NA,NA
"87",1896596.38318191,2855868.3987598,21129.7512958831,617.479091758734,NA,NA,NA,0,0,0,0,0,0,0,0,0,54.3783939299206,NA
"88",1999001.98094709,2855868.3987598,21129.7512958831,617.479091758734,0.787307983311691,276.896420438296,15.6207710560006,1,0,1,1,0,0,0,1,1,49.6028441004644,44.3933438326356
"89",2101407.57871227,2855868.3987598,21129.7512958831,617.479091758734,0.965911654494692,278.150817107484,15.7925573376978,1,0,1,1,1,0,0,1,0,43.6054672309298,39.4550155975988
"90",2203813.17647746,2855868.3987598,21129.7512958831,617.479091758734,0.335496098658264,279.241895809402,16.8884761835078,1,0,0,0,1,0,0,1,0,33.4698156124606,32.3856485280256
"91",-2302033.12519051,2649534.45064562,21129.7512958831,617.479091758734,NA,NA,NA,0,0,0,0,0,0,0,0,0,95.0964425736409,NA
"92",-2199627.52742533,2649534.45064562,21129.7512958831,617.479091758734,0.715135785293352,284.530125363228,23.9285097831835,1,0,1,1,0,0,1,1,1,129.970405343054,178.184096253051
"93",-2097221.92966015,2649534.45064562,21129.7512958831,617.479091758734,1,282.956261732093,22.4183051868946,1,1,1,1,1,0,1,1,1,152.523628686641,195.906442749343
"94",-1994816.33189497,2649534.45064562,21129.7512958831,617.479091758734,1,280.813003876595,12.4278452519606,1,1,1,1,1,1,1,1,1,103.36643104285,73.6010773072598
"95",-1892410.73412979,2649534.45064562,21129.7512958831,617.479091758734,1,281.663814559837,5.20084183399261,1,1,1,1,1,1,1,1,1,104.286453382958,31.0749441788122
"96",-1790005.13636461,2649534.45064562,21129.7512958831,617.479091758734,1,280.924434880735,7.01970382737909,1,1,1,1,1,1,1,1,1,107.654776757309,43.2973091312431
"97",-1687599.53859943,2649534.45064562,21129.7512958831,617.479091758734,1,280.541233129716,9.14855998232107,1,1,1,1,1,1,1,1,1,147.202802513344,77.1574082341296
"98",-1585193.94083425,2649534.45064562,21129.7512958831,617.479091758734,1,279.784430411049,10.239733683588,1,1,1,1,1,1,1,1,1,197.758579878734,116.019986090099
"99",-1482788.34306906,2649534.45064562,21129.7512958831,617.479091758734,1,277.509170395553,12.8921150817952,1,1,1,1,1,1,1,1,1,267.451002245583,197.550082806919
"100",-1380382.74530388,2649534.45064562,21129.7512958831,617.479091758734,1,276.885346062698,9.46783952409537,1,1,1,1,1,1,1,1,1,194.414602310956,105.460197970916
"101",-1277977.1475387,2649534.45064562,21129.7512958831,617.479091758734,1,277.284277550528,6.6382530107746,1,1,1,1,1,1,1,1,1,133.462837875273,50.7601584463863
"102",-1175571.54977352,2649534.45064562,21129.7512958831,617.479091758734,1,277.869673800391,7.46789738584526,1,1,1,1,1,1,1,1,1,133.654106171418,57.1859658281575
"103",-1073165.95200834,2649534.45064562,21129.7512958831,617.479091758734,1,278.490433647687,7.39742701814463,1,1,1,1,1,1,1,1,1,105.939928204866,44.9002931213737
"104",-970760.354243158,2649534.45064562,21129.7512958831,617.479091758734,1,280.714407866853,5.50924882995992,1,1,1,1,1,1,1,1,1,40.5575619840332,12.8018590555806
"105",-868354.756477977,2649534.45064562,21129.7512958831,617.479091758734,1,281.024612525292,5.18760522967092,1,1,1,1,1,1,1,1,1,31.9388928503691,9.49282750977325
"106",-765949.158712796,2649534.45064562,21129.7512958831,617.479091758734,1,280.495438349113,5.02477688377362,1,1,1,1,1,1,1,1,1,28.8054560333032,8.29278393845504
"107",-663543.560947615,2649534.45064562,21129.7512958831,617.479091758734,1,279.927436206834,5.32286425401813,1,1,1,1,1,1,1,1,1,26.9402580115903,8.21591531637315
"108",-561137.963182434,2649534.45064562,21129.751295883,617.479091758733,1,279.294309850717,5.71161861539422,1,1,1,1,1,1,1,1,1,24.0206980443354,7.86056271495695
"109",-458732.365417253,2649534.45064562,21129.751295883,617.479091758733,1,279.014317144452,6.2344522909039,1,1,1,1,1,1,1,1,1,20.5397328742856,7.33671940659901
"110",-356326.767652072,2649534.45064562,21129.751295883,617.479091758733,1,278.742991744367,6.58137758194301,1,1,1,1,1,1,1,1,1,18.1515856811291,6.84447576846178
"111",-253921.16988689,2649534.45064562,21129.751295883,617.479091758733,1,278.123645385687,7.16279275427617,1,1,1,1,1,1,1,1,1,10.5813357037391,4.34241865204415
"112",-151515.57212171,2649534.45064562,21129.751295883,617.479091758733,1,278.247322127654,7.77640737262586,1,1,1,1,1,1,1,1,1,6.98534958507075,3.1122606486211
"113",-49109.9743565284,2649534.45064562,21129.751295883,617.479091758733,1,278.374080409275,8.55291959698134,1,1,1,1,1,1,1,1,1,4.11280425680097,2.01539994563129
"114",53295.6234086528,2649534.45064562,21129.751295883,617.479091758733,1,277.787675145939,9.24832315007572,1,1,1,1,1,1,1,1,1,10.7492220991383,5.69572280588009
"115",155701.221173834,2649534.45064562,21129.751295883,617.479091758733,1,277.804013256573,9.84354412172755,1,1,1,1,1,1,1,1,1,9.77888188018665,5.5150506496624
"116",258106.818939015,2649534.45064562,21129.751295883,617.479091758733,1,277.442318499647,10.5271455954463,1,1,1,1,1,1,1,1,1,11.4511111901298,6.90664404535447
"117",360512.416704196,2649534.45064562,21129.751295883,617.479091758733,1,277.68802036454,11.241083240988,1,1,1,1,1,1,1,1,1,19.9675913798241,12.8600500012895
"118",462918.014469377,2649534.45064562,21129.751295883,617.479091758733,1,277.828256841171,11.7582855276212,1,1,1,1,1,1,1,1,1,14.6379265037003,9.86125926281434
"119",565323.612234558,2649534.45064562,21129.751295883,617.479091758733,1,277.884920207066,11.0538592894848,1,1,1,1,1,1,0,1,1,21.568671809871,13.6598568116652
"120",667729.20999974,2649534.45064562,21129.7512958831,617.479091758734,1,278.424232141234,11.0767012966617,1,0,1,1,1,1,0,1,1,14.8123994814584,9.40036405724629
"121",770134.80776492,2649534.45064562,21129.7512958831,617.479091758734,0.941140397768397,278.702207598616,11.7463192852482,1,0,1,1,1,0,0,1,1,13.3513413279094,8.98536064614647
"122",872540.405530102,2649534.45064562,21129.7512958831,617.479091758734,0.649970051028984,278.790836281415,11.7119574626225,1,0,1,1,1,0,0,1,1,23.9582941866617,16.0765994900754
"123",974946.003295283,2649534.45064562,21129.7512958831,617.479091758734,0.271478727599632,279.188005856313,11.2411319287945,1,0,1,0,1,0,0,1,1,27.5580261543775,17.7487170345718
"124",1077351.60106046,2649534.45064562,21129.7512958831,617.479091758734,NA,NA,NA,0,0,0,0,0,0,0,0,0,NA,NA
"125",1179757.19882564,2649534.45064562,21129.7512958831,617.479091758734,NA,NA,NA,0,0,0,0,0,0,0,0,0,NA,NA
"126",1282162.79659083,2649534.45064562,21129.751295883,617.479091758734,NA,NA,NA,0,0,0,0,0,0,0,0,0,NA,NA
"127",1384568.39435601,2649534.45064562,21129.7512958831,617.479091758734,NA,NA,NA,0,0,0,0,0,0,0,0,0,NA,NA
"128",1486973.99212119,2649534.45064562,21129.7512958831,617.479091758734,NA,NA,NA,0,0,0,0,0,0,0,0,0,NA,NA
"129",1589379.58988637,2649534.45064562,21129.7512958831,617.479091758734,NA,NA,NA,0,0,0,0,0,0,0,0,0,26.4963327527691,NA
"130",1691785.18765155,2649534.45064562,21129.7512958831,617.479091758734,0.452793487484756,279.103790773426,15.1794886924741,1,0,1,1,0,0,0,1,1,36.028053501044,31.3333445774919
"131",1794190.78541673,2649534.45064562,21129.7512958831,617.479091758734,0.573693027524946,279.67513343286,15.4165927908076,1,0,1,1,1,0,0,1,1,62.6814642225547,55.3651329206923
"132",1896596.38318191,2649534.45064562,21129.7512958831,617.479091758734,0.761210714843434,278.167140990211,16.9398279936247,1,0,1,1,1,0,1,1,1,99.059836344489,96.1425009267992
"133",1999001.98094709,2649534.45064562,21129.7512958831,617.479091758734,0.983449436524102,279.091539875564,17.1131579285926,1,1,1,1,1,0,1,1,0,82.5128626731563,80.9022547601374
"134",2101407.57871227,2649534.45064562,21129.7512958831,617.479091758734,0.553290035094213,280.23461155651,16.5128377959062,1,1,0,0,1,1,1,1,0,32.569192258232,30.8132505630093
"135",2203813.17647746,2649534.45064562,21129.7512958831,617.479091758734,NA,NA,NA,0,0,0,0,0,0,0,0,0,30.8662018473676,NA
"136",-2302033.12519051,2443200.50253143,21129.7512958831,617.479091758734,0.419166538821204,284.979614955009,33.7014091113124,1,0,1,1,0,0,1,0,1,223.915044729102,432.354662880355
"137",-2199627.52742533,2443200.50253143,21129.7512958831,617.479091758734,1,284.184721720862,16.3356653930072,1,1,1,1,1,0,1,1,1,217.819102734591,203.864500083923
"138",-2097221.92966015,2443200.50253143,21129.7512958831,617.479091758734,1,280.782687015611,10.761670739466,1,1,1,1,1,1,1,1,1,101.601410356427,62.6452648511507
"139",-1994816.33189497,2443200.50253143,21129.7512958831,617.479091758734,1,280.182909970861,6.11621402158721,1,1,1,1,1,1,1,1,1,62.5185421640943,21.9078787778063
"140",-1892410.73412979,2443200.50253143,21129.7512958831,617.479091758734,1,280.757655705645,3.90704198324015,1,1,1,1,1,1,1,1,1,47.4450615503458,10.6205719416567
"141",-1790005.13636461,2443200.50253143,21129.7512958831,617.479091758734,1,281.563121907224,4.38680560841505,1,1,1,1,1,1,1,1,1,69.488306268579,17.4650136319684
"142",-1687599.53859943,2443200.50253143,21129.7512958831,617.479091758734,1,282.294398697762,4.59721654308848,1,1,1,1,1,1,1,1,1,66.687716415458,17.5650592767335
"143",-1585193.94083425,2443200.50253143,21129.7512958831,617.479091758734,1,281.810276256133,6.76430161752291,1,1,1,1,1,1,1,1,1,107.173891712886,41.5356277226614
"144",-1482788.34306906,2443200.50253143,21129.7512958831,617.479091758734,1,277.959772450204,8.17398193570381,1,1,1,1,1,1,1,1,1,165.972273179884,77.7280958265159
"145",-1380382.74530388,2443200.50253143,21129.7512958831,617.479091758734,1,277.672075851557,5.29365980080541,1,1,1,1,1,1,1,1,1,115.832033930438,35.1312435438598
"146",-1277977.1475387,2443200.50253143,21129.7512958831,617.479091758734,1,277.966847003972,6.12974676257147,1,1,1,1,1,1,1,1,1,70.6701354467647,24.8191708915826
"147",-1175571.54977352,2443200.50253143,21129.7512958831,617.479091758734,1,275.17068153211,11.2456948583218,1,1,1,1,1,1,1,1,1,138.483048561863,89.2260615143639
"148",-1073165.95200834,2443200.50253143,21129.7512958831,617.479091758734,1,275.264279776816,8.92264242576605,1,1,1,1,1,1,1,1,1,202.138649603651,103.336003628557
"149",-970760.354243158,2443200.50253143,21129.7512958831,617.479091758734,1,280.15503068237,4.27651191235187,1,1,1,1,1,1,1,1,1,70.5973730008391,17.2976473838674
"150",-868354.756477977,2443200.50253143,21129.7512958831,617.479091758734,1,279.249854247446,6.41042444579946,1,1,1,1,1,1,1,1,1,79.6229330461043,29.2437976491342
"151",-765949.158712796,2443200.50253143,21129.7512958831,617.479091758734,1,280.836183209991,5.26389887753467,1,1,1,1,1,1,1,1,1,37.1464634698607,11.2029867788811
"152",-663543.560947615,2443200.50253143,21129.7512958831,617.479091758734,1,280.129856288235,6.46016637297159,1,1,1,1,1,1,1,1,1,38.8152312688396,14.3666229424981
"153",-561137.963182434,2443200.50253143,21129.751295883,617.479091758733,1,280.669274830248,6.28698504859312,1,1,1,1,1,1,1,1,1,28.2955801958905,10.1922447452226
"154",-458732.365417253,2443200.50253143,21129.751295883,617.479091758733,1,280.953256753519,6.41702047344202,1,1,1,1,1,1,1,1,1,22.6744635471622,8.3364136989372
"155",-356326.767652072,2443200.50253143,21129.751295883,617.479091758733,1,280.718887346749,6.63084724654628,1,1,1,1,1,1,1,1,1,21.0004241137698,7.97821804901452
"156",-253921.16988689,2443200.50253143,21129.751295883,617.479091758733,1,279.96002069572,7.48897391450237,1,1,1,1,1,1,1,1,1,9.64671280586404,4.13914346802602
"157",-151515.57212171,2443200.50253143,21129.751295883,617.479091758733,1,279.734092088781,8.21460372601088,1,1,1,1,1,1,1,1,1,6.29292329087652,2.96174639441775
"158",-49109.9743565284,2443200.50253143,21129.751295883,617.479091758733,1,279.491254213972,9.0610913526693,1,1,1,1,1,1,1,1,1,9.73193045546829,5.05229055251133
"159",53295.6234086528,2443200.50253143,21129.751295883,617.479091758733,1,279.747733902243,9.86590818708238,1,1,1,1,1,1,1,1,1,7.32574362604961,4.14092722671696
"160",155701.221173834,2443200.50253143,21129.751295883,617.479091758733,1,279.925737154989,10.8364070028138,1,1,1,1,1,1,1,1,1,9.02403900157196,5.60267053666422
"161",258106.818939015,2443200.50253143,21129.751295883,617.479091758733,1,279.926291073626,11.6384280434083,1,1,1,1,1,1,1,1,1,17.6809958012692,11.789892890301
"162",360512.416704196,2443200.50253143,21129.751295883,617.479091758733,1,279.565149291911,11.9282858228585,1,1,1,1,1,1,1,1,1,25.8518019397579,17.6676045410655
"163",462918.014469377,2443200.50253143,21129.751295883,617.479091758733,1,279.108537662318,11.6924609834912,1,1,1,1,1,1,1,1,1,11.4766869985844,7.68831696320057
"164",565323.612234558,2443200.50253143,21129.751295883,617.479091758733,1,279.440808261523,11.4273295498444,1,1,1,1,1,1,1,1,1,12.6064326640376,8.2536447694657
"165",667729.20999974,2443200.50253143,21129.7512958831,617.479091758734,1,279.975719492459,11.0473932031689,1,1,1,1,1,1,1,1,1,8.80162691254076,5.57097975404959
"166",770134.80776492,2443200.50253143,21129.7512958831,617.479091758734,1,280.758995018265,12.1143885293392,1,1,1,1,1,1,1,1,1,17.9209518215605,12.4385965957653
"167",872540.405530102,2443200.50253143,21129.7512958831,617.479091758734,1,279.970666916529,11.8581504848463,1,1,1,1,1,1,1,1,1,18.6768764297432,12.689076497484
"168",974946.003295283,2443200.50253143,21129.7512958831,617.479091758734,1,280.43118226358,11.0015625470866,1,1,1,1,1,1,0,1,1,9.36153346443168,5.90079027177739
"169",1077351.60106046,2443200.50253143,21129.7512958831,617.479091758734,0.582393660362389,281.180721810218,11.3090575906834,1,0,1,0,1,1,0,1,1,6.93743746207472,4.49504775108146
"170",1179757.19882564,2443200.50253143,21129.7512958831,617.479091758734,NA,NA,NA,0,0,0,0,0,0,0,0,0,NA,NA
"171",1282162.79659083,2443200.50253143,21129.751295883,617.479091758734,NA,NA,NA,0,0,0,0,0,0,0,0,0,NA,NA
"172",1384568.39435601,2443200.50253143,21129.7512958831,617.479091758734,0.285395485722963,282.487127895377,12.531111075752,1,0,1,1,0,0,0,1,1,15.3510619122052,11.0214012954195
"173",1486973.99212119,2443200.50253143,21129.7512958831,617.479091758734,0.483940027159548,282.282161289292,12.4309771375025,1,0,1,1,1,0,0,1,1,16.1704961574917,11.5169485311027
"174",1589379.58988637,2443200.50253143,21129.7512958831,617.479091758734,0.936720416100143,280.964385449207,15.6841140617451,1,0,1,1,1,0,1,1,1,27.6013815703362,24.8027380020623
"175",1691785.18765155,2443200.50253143,21129.7512958831,617.479091758734,1,279.400109876129,17.0654964093728,1,1,1,1,1,0,1,1,1,68.8836711009964,67.3509960656189
"176",1794190.78541673,2443200.50253143,21129.7512958831,617.479091758734,1,280.652822517842,16.0505394833089,1,1,1,1,1,1,1,1,1,87.2036244502773,80.1923578477837
"177",1896596.38318191,2443200.50253143,21129.7512958831,617.479091758734,1,280.696917439223,17.1632218620284,1,1,1,1,1,1,1,1,0,78.5376603866924,77.2299206903488
"178",1999001.98094709,2443200.50253143,21129.7512958831,617.479091758734,0.855386942417759,282.484708621091,16.8744806468261,1,1,0,0,1,1,1,1,0,29.850431513191,28.8595690474369
"179",2101407.57871227,2443200.50253143,21129.7512958831,617.479091758734,NA,NA,NA,0,0,0,0,0,0,0,0,0,13.5037006648213,NA
"180",2203813.17647746,2443200.50253143,21129.7512958831,617.479091758734,NA,NA,NA,0,0,0,0,0,0,0,0,0,NA,NA
"181",-2302033.12519051,2236866.55441725,21129.7512958831,617.479091758734,0.850398377003369,285.589201501729,21.212594242364,1,1,1,1,0,0,1,0,1,193.12954890559,234.72066323376
"182",-2199627.52742533,2236866.55441725,21129.7512958831,617.479091758734,1,287.244064930565,14.6983433834284,1,1,1,1,1,1,1,1,1,147.603312993656,124.300623578431
"183",-2097221.92966015,2236866.55441725,21129.7512958831,617.479091758734,1,282.626467796233,14.0326185071435,1,1,1,1,1,1,1,1,1,123.413104052446,99.2221896853389
"184",-1994816.33189497,2236866.55441725,21129.7512958831,617.479091758734,1,281.745170256228,5.04353082353774,1,1,1,1,1,1,1,1,1,83.741220276794,24.1981841409689
"185",-1892410.73412979,2236866.55441725,21129.7512958831,617.479091758734,1,282.407351304053,3.56216119755778,1,1,1,1,1,1,1,1,1,84.8890226599461,17.3250267904901
"186",-1790005.13636461,2236866.55441725,21129.7512958831,617.479091758734,1,282.49206334393,4.19510781488693,1,1,1,1,1,1,1,1,1,79.4000084648399,19.0841353581497
"187",-1687599.53859943,2236866.55441725,21129.7512958831,617.479091758734,1,280.987303596256,4.48094889194202,1,1,1,1,1,1,1,1,1,64.9553413337263,16.6760685835696
"188",-1585193.94083425,2236866.55441725,21129.7512958831,617.479091758734,1,279.975226091878,5.13114679709162,1,1,1,1,1,1,1,1,1,73.3976179737367,21.5777033435279
"189",-1482788.34306906,2236866.55441725,21129.7512958831,617.479091758734,1,281.393379189618,4.39490700336629,1,1,1,1,1,1,1,1,1,65.1442569387802,16.403428776543
"190",-1380382.74530388,2236866.55441725,21129.7512958831,617.479091758734,1,281.89820800413,4.80415772963381,1,1,1,1,1,1,1,1,1,57.8641866429604,15.9270712671268
"191",-1277977.1475387,2236866.55441725,21129.7512958831,617.479091758734,1,278.950320856321,7.86033884728714,1,1,1,1,1,1,1,1,1,112.481367690051,50.6559738957098
"192",-1175571.54977352,2236866.55441725,21129.7512958831,617.479091758734,1,276.527529933319,6.18004107911175,1,1,1,1,1,1,1,1,1,87.4054005309114,30.9484171420755
"193",-1073165.95200834,2236866.55441725,21129.7512958831,617.479091758734,1,276.833134970231,5.09466193391288,1,1,1,1,1,1,1,1,1,80.6136790253345,23.5305958908314
"194",-970760.354243158,2236866.55441725,21129.7512958831,617.479091758734,1,279.515674281328,3.6099701326853,1,1,1,1,1,1,1,1,1,39.0270808457447,8.07195049222605
"195",-868354.756477977,2236866.55441725,21129.7512958831,617.479091758734,1,279.554913072993,4.63772506708115,1,1,1,1,1,1,1,1,1,49.6774584640159,13.199977196473
"196",-765949.158712796,2236866.55441725,21129.7512958831,617.479091758734,1,280.234925385132,5.11362498558321,1,1,1,1,1,1,1,1,1,43.2284523787262,12.665063619578
"197",-663543.560947615,2236866.55441725,21129.7512958831,617.479091758734,1,281.326232469702,5.48308244454477,1,1,1,1,1,1,1,1,1,29.5381170041168,9.27932520301813
"198",-561137.963182434,2236866.55441725,21129.751295883,617.479091758733,1,281.84202061955,6.46545019088405,1,1,1,1,1,1,1,1,1,26.1524382743313,9.68767964038345
"199",-458732.365417253,2236866.55441725,21129.751295883,617.479091758733,1,281.917339450239,7.26277745773262,1,1,1,1,1,1,1,1,1,23.0348652368991,9.58511274179764
"200",-356326.767652072,2236866.55441725,21129.751295883,617.479091758733,1,282.153912762254,7.83033439625746,1,1,1,1,1,1,1,1,1,19.5589511490083,8.77474862486882
"201",-253921.16988689,2236866.55441725,21129.751295883,617.479091758733,1,281.96480094806,8.60727820135399,1,1,1,1,1,1,1,1,1,17.7914131074295,8.77374679845045
"202",-151515.57212171,2236866.55441725,21129.751295883,617.479091758733,1,281.926579243284,9.24269276030397,1,1,1,1,1,1,1,1,1,12.7695075189151,6.76209826704856
"203",-49109.9743565284,2236866.55441725,21129.751295883,617.479091758733,1,281.322442238212,10.0087194060549,1,1,1,1,1,1,1,1,1,14.0217485838668,8.04061934601012
"204",53295.6234086528,2236866.55441725,21129.751295883,617.479091758733,1,281.010720694441,10.8154879909205,1,1,1,1,1,1,1,1,1,10.2353570889981,6.34246283438443
"205",155701.221173834,2236866.55441725,21129.751295883,617.479091758733,1,281.071705179879,11.8110783164891,1,1,1,1,1,1,1,1,1,5.62240145825772,3.80469821308431
"206",258106.818939015,2236866.55441725,21129.751295883,617.479091758733,1,280.877643755154,12.6614452399801,1,1,1,1,1,1,1,1,1,9.97462671370252,7.23583650919707
"207",360512.416704196,2236866.55441725,21129.751295883,617.479091758733,1,281.072691379283,13.0738612494377,1,1,1,1,1,1,1,1,1,28.2051878198346,21.1271871965836
"208",462918.014469377,2236866.55441725,21129.751295883,617.479091758733,1,281.240285754443,13.0967898384127,1,1,1,1,1,1,1,1,1,31.2997886001681,23.4863255039269
"209",565323.612234558,2236866.55441725,21129.751295883,617.479091758733,1,281.481836899256,12.7566927346805,1,1,1,1,1,1,1,1,1,13.9503741064224,10.1960689092116
"210",667729.20999974,2236866.55441725,21129.7512958831,617.479091758734,1,281.758819825403,12.4942803148568,1,1,1,1,1,1,1,1,1,8.20143262046875,5.87096889343374
"211",770134.80776492,2236866.55441725,21129.7512958831,617.479091758734,1,282.119283593363,13.2472880901821,1,1,1,1,1,1,1,1,1,6.46979277104534,4.91050507426423
"212",872540.405530102,2236866.55441725,21129.7512958831,617.479091758734,1,281.93709038676,13.0416170718731,1,1,1,1,1,1,1,1,1,10.160852779307,7.59224852671328
"213",974946.003295283,2236866.55441725,21129.7512958831,617.479091758734,1,282.101102878089,11.977099162724,1,1,1,1,1,1,1,1,1,7.95224394165602,5.45695222926307
"214",1077351.60106046,2236866.55441725,21129.7512958831,617.479091758734,0.575302347418989,282.476709908428,11.8405703797462,1,1,1,1,1,1,0,1,1,4.05282627823197,2.74940947319556
"215",1179757.19882564,2236866.55441725,21129.7512958831,617.479091758734,0.350527647810957,283.320902240951,14.6367032789889,1,0,1,1,1,1,0,1,1,5.76692357726811,4.83611119301134
"216",1282162.79659083,2236866.55441725,21129.751295883,617.479091758734,0.622296222413549,282.396755320096,15.5080939005212,1,0,1,1,1,0,1,1,1,14.2136960464681,12.6291539901869
"217",1384568.39435601,2236866.55441725,21129.7512958831,617.479091758734,0.938308010366629,281.264886639457,16.1948143569142,1,1,1,1,1,0,1,1,1,48.7583103247752,45.2411289585278
"218",1486973.99212119,2236866.55441725,21129.7512958831,617.479091758734,1,281.114805572564,14.4479840918981,1,1,1,1,1,1,1,1,1,85.7322308083238,70.9676120332155
"219",1589379.58988637,2236866.55441725,21129.7512958831,617.479091758734,1,281.788628809823,14.8822889015433,1,1,1,1,1,1,1,1,1,80.7444411318467,68.8479758958424
"220",1691785.18765155,2236866.55441725,21129.7512958831,617.479091758734,1,281.685404956115,16.8819168938076,1,1,1,1,1,1,1,1,1,74.6807874109223,72.2336331346432
"221",1794190.78541673,2236866.55441725,21129.7512958831,617.479091758734,0.94781124583,283.387175888855,17.3060812705046,1,1,1,1,1,1,1,1,0,62.63565277085,62.1053708583177
"222",1896596.38318191,2236866.55441725,21129.7512958831,617.479091758734,0.572690086954352,283.859909096307,17.1593832290521,1,1,0,0,1,1,1,1,0,40.646334787637,39.9605885831055
"223",1999001.98094709,2236866.55441725,21129.7512958831,617.479091758734,NA,NA,NA,0,0,0,0,0,0,0,0,0,29.7489290365352,NA
"224",2101407.57871227,2236866.55441725,21129.7512958831,617.479091758734,NA,NA,NA,0,0,0,0,0,0,0,0,0,13.9524949053161,NA
"225",2203813.17647746,2236866.55441725,21129.7512958831,617.479091758734,NA,NA,NA,0,0,0,0,0,0,0,0,0,NA,NA
"226",-2302033.12519051,2030532.60630306,21129.7512958831,617.479091758734,0.572231781128711,287.292786573522,13.5263740697059,1,1,0,1,0,0,1,0,1,124.948169233655,96.8322678876409
"227",-2199627.52742533,2030532.60630306,21129.7512958831,617.479091758734,0.987486097461959,289.317849440326,7.3194561522998,1,1,1,1,1,1,1,0,1,40.6701919202724,17.0554761345899
"228",-2097221.92966015,2030532.60630306,21129.7512958831,617.479091758734,1,285.708802032482,17.1202869585296,1,1,1,1,1,1,1,1,1,139.759046971573,137.088108118069
"229",-1994816.33189497,2030532.60630306,21129.7512958831,617.479091758734,1,281.638454207241,6.56578983715089,1,1,1,1,1,1,1,1,1,136.316129120887,51.2794118463785
"230",-1892410.73412979,2030532.60630306,21129.7512958831,617.479091758734,1,283.789939669128,2.36381348988712,1,1,1,1,1,1,1,1,1,74.2804419503855,10.0599656668331
"231",-1790005.13636461,2030532.60630306,21129.7512958831,617.479091758734,1,281.483646309432,3.67437318776793,1,1,1,1,1,1,1,1,1,103.097401216344,21.7040006728794
"232",-1687599.53859943,2030532.60630306,21129.7512958831,617.479091758734,1,280.872651621952,3.96882887604634,1,1,1,1,1,1,1,1,1,82.5908732620438,18.7803311001804
"233",-1585193.94083425,2030532.60630306,21129.7512958831,617.479091758734,1,280.534105187592,4.58084589810379,1,1,1,1,1,1,1,1,1,97.5628644017168,25.6058405880459
"234",-1482788.34306906,2030532.60630306,21129.7512958831,617.479091758734,1,283.457544917658,3.18040958051898,1,1,1,1,1,1,1,1,1,52.6827809898226,9.59976403275026
"235",-1380382.74530388,2030532.60630306,21129.7512958831,617.479091758734,1,283.267889696944,4.94672247406284,1,1,1,1,1,1,1,1,1,68.8020959949651,19.4997043802854
"236",-1277977.1475387,2030532.60630306,21129.7512958831,617.479091758734,1,279.204480532736,8.02000513456359,1,1,1,1,1,1,1,1,1,154.255558238918,70.8800933508896
"237",-1175571.54977352,2030532.60630306,21129.7512958831,617.479091758734,1,279.151937641925,5.16769456590218,1,1,1,1,1,1,1,1,1,93.8054137549778,27.7736880397686
"238",-1073165.95200834,2030532.60630306,21129.7512958831,617.479091758734,1,280.440326166256,4.28586384718254,1,1,1,1,1,1,1,1,1,86.2822202429539,21.1869526035309
"239",-970760.354243158,2030532.60630306,21129.7512958831,617.479091758734,1,278.600583187198,6.71133185203311,1,1,1,1,1,1,1,1,1,86.5165821080789,33.2672483605617
"240",-868354.756477977,2030532.60630306,21129.7512958831,617.479091758734,1,276.401685191027,8.22432218273184,1,1,1,1,1,1,1,1,1,105.982855940161,49.9395409912027
"241",-765949.158712796,2030532.60630306,21129.7512958831,617.479091758734,1,280.061271241308,5.89095073081828,1,1,1,1,1,1,1,1,1,61.3480580927487,20.7059434425709
"242",-663543.560947615,2030532.60630306,21129.7512958831,617.479091758734,1,282.151608028436,5.4741313288448,1,1,1,1,1,1,1,1,1,18.0168747990097,5.65071606560511
"243",-561137.963182434,2030532.60630306,21129.751295883,617.479091758733,1,282.800929487698,6.12506203350843,1,1,1,1,1,1,1,1,1,14.4545223411695,5.07251160126903
"244",-458732.365417253,2030532.60630306,21129.751295883,617.479091758733,1,282.867100460585,7.12622916585329,1,1,1,1,1,1,1,1,1,19.2156421176862,7.84555188144315
"245",-356326.767652072,2030532.60630306,21129.751295883,617.479091758733,1,282.850160275164,8.16738285322467,1,1,1,1,1,1,1,1,1,17.6225636025433,8.24633195779951
"246",-253921.16988689,2030532.60630306,21129.751295883,617.479091758733,1,282.864621176004,9.06233787778876,1,1,1,1,1,1,1,1,1,11.9566452612046,6.20809576248184
"247",-151515.57212171,2030532.60630306,21129.751295883,617.479091758733,1,283.162398520111,9.78294281707628,1,1,1,1,1,1,1,1,1,10.0822302655151,5.65112533759106
"248",-49109.9743565284,2030532.60630306,21129.751295883,617.479091758733,1,283.363133732356,10.8199352297135,1,1,1,1,1,1,1,1,1,14.7404420216052,9.13784907282822
"249",53295.6234086528,2030532.60630306,21129.751295883,617.479091758733,1,283.113883491178,11.9165114302539,1,1,1,1,1,1,1,1,1,19.7643430752928,13.4939883398918
"250",155701.221173834,2030532.60630306,21129.751295883,617.479091758733,1,282.984508896596,12.6824750264387,1,1,1,1,1,1,1,1,1,15.7981317512661,11.4793833684259
"251",258106.818939015,2030532.60630306,21129.751295883,617.479091758733,1,283.058411295392,13.0745334458788,1,1,1,1,1,1,1,1,1,15.5403665129942,11.6411603215817
"252",360512.416704196,2030532.60630306,21129.751295883,617.479091758733,1,283.460786904528,13.2071253986044,1,1,1,1,1,1,1,1,1,12.7294372989478,9.63221838180953
"253",462918.014469377,2030532.60630306,21129.751295883,617.479091758733,1,283.411624162803,13.2467917497752,1,1,1,1,1,1,1,1,1,10.5578165328986,8.01297213508853
"254",565323.612234558,2030532.60630306,21129.751295883,617.479091758733,1,283.389717098467,13.1793662831205,1,1,1,1,1,1,1,1,1,9.0895031475124,6.86346597829246
"255",667729.20999974,2030532.60630306,21129.7512958831,617.479091758734,1,283.61792843649,13.5744186007415,1,1,1,1,1,1,1,1,1,5.5466493934323,4.31380753924452
"256",770134.80776492,2030532.60630306,21129.7512958831,617.479091758734,1,283.493622161563,14.095883888725,1,1,1,1,1,1,1,1,1,6.31708989053683,5.10173837177333
"257",872540.405530102,2030532.60630306,21129.7512958831,617.479091758734,1,283.439313156026,13.9412641411013,1,1,1,1,1,1,1,1,1,6.32272205220402,5.05027537084686
"258",974946.003295283,2030532.60630306,21129.7512958831,617.479091758734,1,283.574771140636,13.5918666676829,1,1,1,1,1,1,1,1,1,5.44992093496188,4.24402682344224
"259",1077351.60106046,2030532.60630306,21129.7512958831,617.479091758734,1,283.715040760611,13.9376554563706,1,1,1,1,1,1,1,1,1,7.96942279002507,6.36393015532316
"260",1179757.19882564,2030532.60630306,21129.7512958831,617.479091758734,1,283.631304777095,14.3579199048179,1,1,1,1,1,1,1,1,1,27.4170783795371,22.5538928409041
"261",1282162.79659083,2030532.60630306,21129.751295883,617.479091758734,1,283.75970908278,14.9000995026772,1,1,1,1,1,1,1,1,1,39.9984606029912,34.1461118517304
"262",1384568.39435601,2030532.60630306,21129.7512958831,617.479091758734,1,283.080387826501,16.2600623192075,1,1,1,1,1,1,1,1,1,56.9033763077756,53.0113731808623
"263",1486973.99212119,2030532.60630306,21129.7512958831,617.479091758734,1,283.513786887203,14.6363572034016,1,1,1,1,1,1,1,1,1,79.1857326239571,66.4031607328268
"264",1589379.58988637,2030532.60630306,21129.7512958831,617.479091758734,1,284.865695402529,15.8771913321478,1,1,1,1,1,1,1,1,1,49.266654283937,44.8162548709094
"265",1691785.18765155,2030532.60630306,21129.7512958831,617.479091758734,0.90340800841168,285.711734306531,16.6969635646445,1,1,1,1,1,1,1,1,1,24.8681424933607,23.7897380165454
"266",1794190.78541673,2030532.60630306,21129.7512958831,617.479091758734,0.663829755935938,285.976060954314,16.5831203717585,1,1,1,0,1,1,1,1,0,9.13568536058557,8.67992953784914
"267",1896596.38318191,2030532.60630306,21129.7512958831,617.479091758734,NA,NA,NA,0,0,0,0,0,0,0,0,0,NA,NA
"268",1999001.98094709,2030532.60630306,21129.7512958831,617.479091758734,NA,NA,NA,0,0,0,0,0,0,0,0,0,NA,NA
"269",2101407.57871227,2030532.60630306,21129.7512958831,617.479091758734,NA,NA,NA,0,0,0,0,0,0,0,0,0,NA,NA
"270",2203813.17647746,2030532.60630306,21129.7512958831,617.479091758734,NA,NA,NA,0,0,0,0,0,0,0,0,0,NA,NA
"271",-2302033.12519051,1824198.65818888,21129.7512958831,617.479091758734,NA,NA,NA,0,0,0,0,0,0,0,0,0,144.421775340566,NA
"272",-2199627.52742533,1824198.65818888,21129.7512958831,617.479091758734,0.998761952944397,288.678898015162,5.7959818461489,1,1,1,1,0,1,1,0,1,99.0415473754298,32.8891951849547
"273",-2097221.92966015,1824198.65818888,21129.7512958831,617.479091758734,1,289.638778967247,5.88376751459996,1,1,1,1,1,1,1,1,1,51.1046332890137,17.2275926066183
"274",-1994816.33189497,1824198.65818888,21129.7512958831,617.479091758734,1,281.014939563324,10.7322579835398,1,1,1,1,1,1,1,1,1,224.339383819505,137.944833459863
"275",-1892410.73412979,1824198.65818888,21129.7512958831,617.479091758734,1,285.174514696492,2.41823283340406,1,1,1,1,1,1,1,1,1,138.847957023681,19.2374019917753
"276",-1790005.13636461,1824198.65818888,21129.7512958831,617.479091758734,1,284.382562618256,2.6998078407705,1,1,1,1,1,1,1,1,1,70.9521352170592,10.9750658982975
"277",-1687599.53859943,1824198.65818888,21129.7512958831,617.479091758734,1,284.581201799875,3.09371889197293,1,1,1,1,1,1,1,1,1,81.401301880697,14.4284943225555
"278",-1585193.94083425,1824198.65818888,21129.7512958831,617.479091758734,1,283.580755798576,4.57439666126246,1,1,1,1,1,1,1,1,1,85.0641609042812,22.2940646478571
"279",-1482788.34306906,1824198.65818888,21129.7512958831,617.479091758734,1,282.621963040328,4.71780239613163,1,1,1,1,1,1,1,1,1,81.9928814667798,22.1628041375163
"280",-1380382.74530388,1824198.65818888,21129.7512958831,617.479091758734,1,280.623041428768,5.74309569089539,1,1,1,1,1,1,1,1,1,114.073799481529,37.5353761341342
"281",-1277977.1475387,1824198.65818888,21129.7512958831,617.479091758734,1,283.47692625544,3.66407664776918,1,1,1,1,1,1,1,1,1,100.921630010531,21.1864220261144
"282",-1175571.54977352,1824198.65818888,21129.7512958831,617.479091758734,1,283.612582781686,4.38651918910005,1,1,1,1,1,1,1,1,1,117.729532656167,29.5879084553257
"283",-1073165.95200834,1824198.65818888,21129.7512958831,617.479091758734,1,281.83793805917,5.59372944616373,1,1,1,1,1,1,1,1,1,129.370245069462,41.4614675847942
"284",-970760.354243158,1824198.65818888,21129.7512958831,617.479091758734,1,277.919111742408,8.07226664836854,1,1,1,1,1,1,1,1,1,183.537759646131,84.8847625833278
"285",-868354.756477977,1824198.65818888,21129.7512958831,617.479091758734,1,275.825168150362,7.51335331500797,1,1,1,1,1,1,1,1,1,185.765878616448,79.9665888695537
"286",-765949.158712796,1824198.65818888,21129.7512958831,617.479091758734,1,281.259563891059,6.27392980945461,1,1,1,1,1,1,1,1,1,79.9076674593109,28.7234711506179
"287",-663543.560947615,1824198.65818888,21129.7512958831,617.479091758734,1,282.877855116009,5.26928601252969,1,1,1,1,1,1,1,1,1,16.4708650138405,4.97252520389597
"288",-561137.963182434,1824198.65818888,21129.751295883,617.479091758733,1,283.643391925878,5.94086984343987,1,1,1,1,1,1,1,1,1,10.9701625685327,3.7339793678393
"289",-458732.365417253,1824198.65818888,21129.751295883,617.479091758733,1,284.273098160095,6.81209137021271,1,1,1,1,1,1,1,1,1,13.2136268248361,5.15716842112887
"290",-356326.767652072,1824198.65818888,21129.751295883,617.479091758733,1,284.694994839189,7.86576071014993,1,1,1,1,1,1,1,1,1,14.1523594526901,6.37791010442357
"291",-253921.16988689,1824198.65818888,21129.751295883,617.479091758733,1,284.983747399383,9.05688596322371,1,1,1,1,1,1,1,1,1,14.7730220670874,7.66579248842894
"292",-151515.57212171,1824198.65818888,21129.751295883,617.479091758733,1,285.323096993333,10.3540257115821,1,1,1,1,1,1,1,1,1,12.477665233959,7.40203921379771
"293",-49109.9743565284,1824198.65818888,21129.751295883,617.479091758733,1,285.176625281652,11.7549819007068,1,1,1,1,1,1,1,1,1,16.5943021047555,11.176086895854
"294",53295.6234086528,1824198.65818888,21129.751295883,617.479091758733,1,285.359390645297,13.0486862057689,1,1,1,1,1,1,1,1,1,17.2640828458248,12.9068157842384
"295",155701.221173834,1824198.65818888,21129.751295883,617.479091758733,1,285.115306780018,14.1546715044729,1,1,1,1,1,1,1,1,1,15.3754124544307,12.4691078823925
"296",258106.818939015,1824198.65818888,21129.751295883,617.479091758733,1,285.220361547545,14.3801913555177,1,1,1,1,1,1,1,1,1,14.6017982626991,12.0303931974725
"297",360512.416704196,1824198.65818888,21129.751295883,617.479091758733,1,285.32842134921,14.3703753904121,1,1,1,1,1,1,1,1,1,15.4103184181241,12.6878646881076
"298",462918.014469377,1824198.65818888,21129.751295883,617.479091758733,1,285.484451349245,14.1142915785845,1,1,1,1,1,1,1,1,1,15.4593938493563,12.5014491679756
"299",565323.612234558,1824198.65818888,21129.751295883,617.479091758733,1,285.392858283874,14.3705395097117,1,1,1,1,1,1,1,1,1,5.90712407682869,4.8636014464078
"300",667729.20999974,1824198.65818888,21129.7512958831,617.479091758734,1,285.448314739683,15.226840812909,1,1,1,1,1,1,1,1,1,6.15228523860264,5.36729026476411
"301",770134.80776492,1824198.65818888,21129.7512958831,617.479091758734,1,285.325553775457,16.3107902005972,1,1,1,1,1,1,1,1,1,16.3549574344398,15.2838663913
"302",872540.405530102,1824198.65818888,21129.7512958831,617.479091758734,1,285.331087542525,16.6200751192295,1,1,1,1,1,1,1,1,1,16.5499942460409,15.7593986740676
"303",974946.003295283,1824198.65818888,21129.7512958831,617.479091758734,1,285.477466847488,16.2028064557674,1,1,1,1,1,1,1,1,1,23.6235591647445,21.9302906122364
"304",1077351.60106046,1824198.65818888,21129.7512958831,617.479091758734,1,285.272021004098,16.0361301736,1,1,1,1,1,1,1,1,1,32.1627840400269,29.5503085798009
"305",1179757.19882564,1824198.65818888,21129.7512958831,617.479091758734,1,285.522644299606,15.797119236853,1,1,1,1,1,1,1,1,1,44.1020659402444,39.9158740174752
"306",1282162.79659083,1824198.65818888,21129.751295883,617.479091758734,1,284.803990489423,17.1259658087477,1,1,1,1,1,1,1,1,1,76.8144370610916,75.3714269539306
"307",1384568.39435601,1824198.65818888,21129.7512958831,617.479091758734,1,283.268362536287,17.162785222376,1,1,1,1,1,1,1,1,1,116.765229151117,114.818036677556
"308",1486973.99212119,1824198.65818888,21129.7512958831,617.479091758734,1,285.480053445347,15.4912494524232,1,1,1,1,1,1,1,1,1,79.7403510972378,70.7739449044463
"309",1589379.58988637,1824198.65818888,21129.7512958831,617.479091758734,0.974536576395203,287.039219247047,15.7357509395537,1,1,1,1,1,1,1,1,1,17.7205545225896,15.9762038683147
"310",1691785.18765155,1824198.65818888,21129.7512958831,617.479091758734,0.592496643890369,287.99064358215,16.5457351854322,1,1,1,1,1,1,1,1,1,9.90294479325005,9.38770080734141
"311",1794190.78541673,1824198.65818888,21129.7512958831,617.479091758734,0.252329938343298,287.723445515154,16.1259777047797,1,1,1,0,1,1,0,1,0,5.3832594309416,4.97370677318789
"312",1896596.38318191,1824198.65818888,21129.7512958831,617.479091758734,NA,NA,NA,0,0,0,0,0,0,0,0,0,NA,NA
"313",1999001.98094709,1824198.65818888,21129.7512958831,617.479091758734,NA,NA,NA,0,0,0,0,0,0,0,0,0,NA,NA
"314",2101407.57871227,1824198.65818888,21129.7512958831,617.479091758734,NA,NA,NA,0,0,0,0,0,0,0,0,0,NA,NA
"315",2203813.17647746,1824198.65818888,21129.7512958831,617.479091758734,NA,NA,NA,0,0,0,0,0,0,0,0,0,NA,NA
"316",-2302033.12519051,1617864.71007469,21129.7512958831,617.479091758734,NA,NA,NA,0,0,0,0,0,0,0,0,0,NA,NA
"317",-2199627.52742533,1617864.71007469,21129.7512958831,617.479091758734,0.582820246076504,288.213824050435,6.6059396574651,1,1,0,1,0,0,1,0,0,100.404732871691,38.0012252964691
"318",-2097221.92966015,1617864.71007469,21129.7512958831,617.479091758734,0.983789732276583,289.499432049946,4.36285649272815,1,1,0,1,1,1,1,0,1,82.4480279486346,20.6091468154746
"319",-1994816.33189497,1617864.71007469,21129.7512958831,617.479091758734,1,287.373300489656,5.22323771633293,1,1,1,1,1,1,1,0,1,143.368672392942,42.904502256144
"320",-1892410.73412979,1617864.71007469,21129.7512958831,617.479091758734,1,290.570831103916,1.95107348044321,1,1,1,1,1,1,1,1,1,100.765527664982,11.2640461746199
"321",-1790005.13636461,1617864.71007469,21129.7512958831,617.479091758734,1,291.398300220186,1.90029754898458,1,1,1,1,1,1,1,1,1,91.2441309575084,9.9342562925578
"322",-1687599.53859943,1617864.71007469,21129.7512958831,617.479091758734,1,290.996319699634,2.48321846803869,1,1,1,1,1,1,1,1,1,90.3680343717932,12.8569684486986
"323",-1585193.94083425,1617864.71007469,21129.7512958831,617.479091758734,1,290.00779799538,3.252819751053,1,1,1,1,1,1,1,1,1,114.695638246302,21.3754720102811
"324",-1482788.34306906,1617864.71007469,21129.7512958831,617.479091758734,1,285.604673679904,4.93779919299009,1,1,1,1,1,1,1,1,1,99.607279207846,28.1795020477529
"325",-1380382.74530388,1617864.71007469,21129.7512958831,617.479091758734,1,285.497271056059,3.69598242956901,1,1,1,1,1,1,1,1,1,84.1567970851044,17.8208292509379
"326",-1277977.1475387,1617864.71007469,21129.7512958831,617.479091758734,1,285.42969285621,2.86413189947712,1,1,1,1,1,1,1,1,1,79.8633704195244,13.1053752738622
"327",-1175571.54977352,1617864.71007469,21129.7512958831,617.479091758734,1,284.557274112613,3.39921867641245,1,1,1,1,1,1,1,1,1,63.6430504047777,12.3947823247708
"328",-1073165.95200834,1617864.71007469,21129.7512958831,617.479091758734,1,282.154784666144,5.2628512755998,1,1,1,1,1,1,1,1,1,85.1180967175557,25.6656232039026
"329",-970760.354243158,1617864.71007469,21129.7512958831,617.479091758734,1,278.666614119346,8.11600549105343,1,1,1,1,1,1,1,1,1,149.779675800326,69.6472593088015
"330",-868354.756477977,1617864.71007469,21129.7512958831,617.479091758734,1,278.526335624057,5.43448938583929,1,1,1,1,1,1,1,1,1,86.4052185814306,26.903422426637
"331",-765949.158712796,1617864.71007469,21129.7512958831,617.479091758734,1,281.900915162505,6.24343818748216,1,1,1,1,1,1,1,1,1,78.6537131480917,28.1353200062682
"332",-663543.560947615,1617864.71007469,21129.7512958831,617.479091758734,1,284.601539574694,5.16932177706879,1,1,1,1,1,1,1,1,1,30.3932068528761,9.00158331160418
"333",-561137.963182434,1617864.71007469,21129.751295883,617.479091758733,1,285.471027945059,5.74347537625137,1,1,1,1,1,1,1,1,1,11.7960300262651,3.88167745858752
"334",-458732.365417253,1617864.71007469,21129.751295883,617.479091758733,1,285.964123031248,6.55894027433496,1,1,1,1,1,1,1,1,1,7.47968842542843,2.81077444407894
"335",-356326.767652072,1617864.71007469,21129.751295883,617.479091758733,1,286.380745151048,7.81811058100116,1,1,1,1,1,1,1,1,1,11.4115385355621,5.11157600526434
"336",-253921.16988689,1617864.71007469,21129.751295883,617.479091758733,1,286.87975526922,9.51676457938908,1,1,1,1,1,1,1,1,1,9.94196226659183,5.42088568907381
"337",-151515.57212171,1617864.71007469,21129.751295883,617.479091758733,1,287.073677869912,11.5140933315682,1,1,1,1,1,1,1,1,1,6.83153680335147,4.50668258155122
"338",-49109.9743565284,1617864.71007469,21129.751295883,617.479091758733,1,286.858697100145,13.1885139098209,1,1,1,1,1,1,1,1,1,16.0270484652677,12.1103926607755
"339",53295.6234086528,1617864.71007469,21129.751295883,617.479091758733,1,286.89389450735,14.7399033567413,1,1,1,1,1,1,1,1,1,11.3333115208588,9.57106521162324
"340",155701.221173834,1617864.71007469,21129.751295883,617.479091758733,1,286.764839680176,15.7477821172419,1,1,1,1,1,1,1,1,1,14.0813928504697,12.7049752968296
"341",258106.818939015,1617864.71007469,21129.751295883,617.479091758733,1,286.503488774447,15.7873986071279,1,1,1,1,1,1,1,1,1,25.2864457550572,22.8721597998067
"342",360512.416704196,1617864.71007469,21129.751295883,617.479091758733,1,286.345301063905,16.1482254798384,1,1,1,1,1,1,1,1,1,26.815703691234,24.8097744330155
"343",462918.014469377,1617864.71007469,21129.751295883,617.479091758733,1,286.618034225049,16.2222457472544,1,1,1,1,1,1,1,1,1,32.2184651469723,29.945021976999
"344",565323.612234558,1617864.71007469,21129.751295883,617.479091758733,1,287.131361880815,16.6560791152837,1,1,1,1,1,1,1,1,1,13.103687526663,12.5047529510935
"345",667729.20999974,1617864.71007469,21129.7512958831,617.479091758734,1,287.300226034024,17.3704391444269,1,1,1,1,1,1,1,1,1,15.8777493603231,15.8018724841874
"346",770134.80776492,1617864.71007469,21129.7512958831,617.479091758734,1,287.334765617441,17.732076288523,1,1,1,1,1,1,1,1,1,18.4908137386352,18.785572188022
"347",872540.405530102,1617864.71007469,21129.7512958831,617.479091758734,1,287.131705646964,18.2736812534521,1,1,1,1,1,1,1,1,1,27.6474848718205,28.9461285927262
"348",974946.003295283,1617864.71007469,21129.7512958831,617.479091758734,1,286.593065320848,18.6427998821437,1,1,1,1,1,1,1,1,1,41.2117512296888,44.0190859333928
"349",1077351.60106046,1617864.71007469,21129.7512958831,617.479091758734,1,286.426357085499,18.3540709676027,1,1,1,1,1,1,1,1,1,77.1875724970253,81.1687022154878
"350",1179757.19882564,1617864.71007469,21129.7512958831,617.479091758734,1,286.126425136128,16.9726152667051,1,1,1,1,1,1,1,1,1,99.5658669223135,96.8206645201769
"351",1282162.79659083,1617864.71007469,21129.751295883,617.479091758734,1,284.960432690624,17.1516873181394,1,1,1,1,1,1,1,1,1,104.616237612362,102.805123849979
"352",1384568.39435601,1617864.71007469,21129.7512958831,617.479091758734,1,286.66444885854,16.3919514651512,1,1,1,1,1,1,1,1,1,50.6506539894666,47.5690556151116
"353",1486973.99212119,1617864.71007469,21129.7512958831,617.479091758734,1,287.872030367,16.1734560378731,1,1,1,1,1,1,1,1,1,19.9789271805955,18.5132987365781
"354",1589379.58988637,1617864.71007469,21129.7512958831,617.479091758734,1,288.556016276193,16.5757564669946,1,1,1,1,1,1,1,1,1,12.3581461391205,11.7364160530924
"355",1691785.18765155,1617864.71007469,21129.7512958831,617.479091758734,0.953596574790277,289.319242225695,17.8347209075005,1,1,1,1,1,1,1,1,0,5.59338308751085,5.71544033244048
"356",1794190.78541673,1617864.71007469,21129.7512958831,617.479091758734,0.263716699073899,290.135465999075,18.6667154630808,1,1,0,0,1,1,0,1,0,4.46717111007751,4.77759474427746
"357",1896596.38318191,1617864.71007469,21129.7512958831,617.479091758734,NA,NA,NA,0,0,0,0,0,0,0,0,0,NA,NA
"358",1999001.98094709,1617864.71007469,21129.7512958831,617.479091758734,NA,NA,NA,0,0,0,0,0,0,0,0,0,NA,NA
"359",2101407.57871227,1617864.71007469,21129.7512958831,617.479091758734,NA,NA,NA,0,0,0,0,0,0,0,0,0,NA,NA
"360",2203813.17647746,1617864.71007469,21129.7512958831,617.479091758734,NA,NA,NA,0,0,0,0,0,0,0,0,0,NA,NA
"361",-2302033.12519051,1411530.7619605,21129.7512958831,617.479091758734,NA,NA,NA,0,0,0,0,0,0,0,0,0,NA,NA
"362",-2199627.52742533,1411530.7619605,21129.7512958831,617.479091758734,NA,NA,NA,0,0,0,0,0,0,0,0,0,123.521671223128,NA
"363",-2097221.92966015,1411530.7619605,21129.7512958831,617.479091758734,NA,NA,NA,0,0,0,0,0,0,0,0,0,110.893615601076,NA
"364",-1994816.33189497,1411530.7619605,21129.7512958831,617.479091758734,0.626776734057207,290.331280282486,5.3940896306706,1,1,0,1,0,1,1,0,1,100.912606544609,31.1869134765635
"365",-1892410.73412979,1411530.7619605,21129.7512958831,617.479091758734,1,290.034276980005,4.15134263827728,1,1,1,1,1,1,1,0,1,122.769429110867,29.2003212361357
"366",-1790005.13636461,1411530.7619605,21129.7512958831,617.479091758734,1,293.763506466807,1.53378162695393,1,1,1,1,1,1,1,1,1,75.1436167004624,6.60335183851562
"367",-1687599.53859943,1411530.7619605,21129.7512958831,617.479091758734,1,294.790579178135,1.91951620150131,1,1,1,1,1,1,1,1,1,51.2876838246222,5.64044906045928
"368",-1585193.94083425,1411530.7619605,21129.7512958831,617.479091758734,1,291.498249113381,3.60814003737461,1,1,1,1,1,1,1,1,1,69.9906516034157,14.4687906993998
"369",-1482788.34306906,1411530.7619605,21129.7512958831,617.479091758734,1,288.255872633441,5.45397753813084,1,1,1,1,1,1,1,1,1,76.0852791666107,23.7751243006329
"370",-1380382.74530388,1411530.7619605,21129.7512958831,617.479091758734,1,285.258562778461,6.26168483104762,1,1,1,1,1,1,1,1,1,74.3031412457081,26.6567495527267
"371",-1277977.1475387,1411530.7619605,21129.7512958831,617.479091758734,1,285.011208779288,3.97180768706634,1,1,1,1,1,1,1,1,1,35.2170789836912,8.01401878565529
"372",-1175571.54977352,1411530.7619605,21129.7512958831,617.479091758734,1,283.280157866007,3.91401017521123,1,1,1,1,1,1,1,1,1,40.4576951061361,9.07260285170533
"373",-1073165.95200834,1411530.7619605,21129.7512958831,617.479091758734,1,282.859244104456,4.14139017546035,1,1,1,1,1,1,1,1,1,50.1032534544218,11.888331025825
"374",-970760.354243158,1411530.7619605,21129.7512958831,617.479091758734,1,284.190491065091,4.60550838618382,1,1,1,1,1,1,1,1,1,63.5409258638296,16.7664040880904
"375",-868354.756477977,1411530.7619605,21129.7512958831,617.479091758734,1,283.112005404276,5.79894645518031,1,1,1,1,1,1,1,1,1,66.3126115640819,22.032006109577
"376",-765949.158712796,1411530.7619605,21129.7512958831,617.479091758734,1,285.476443356893,5.57930223932141,1,1,1,1,1,1,1,1,1,39.8400440495354,12.7352803886646
"377",-663543.560947615,1411530.7619605,21129.7512958831,617.479091758734,1,286.612946406798,5.79836022431811,1,1,1,1,1,1,1,1,1,21.2854582827544,7.07126332873375
"378",-561137.963182434,1411530.7619605,21129.751295883,617.479091758733,1,286.889593436833,6.3168958834488,1,1,1,1,1,1,1,1,1,12.7628939628768,4.61914603335907
"379",-458732.365417253,1411530.7619605,21129.751295883,617.479091758733,1,287.610508541375,7.50887629218499,1,1,1,1,1,1,1,1,1,17.4832241287635,7.52151433065415
"380",-356326.767652072,1411530.7619605,21129.751295883,617.479091758733,1,288.043802745468,8.53081107000928,1,1,1,1,1,1,1,1,1,17.4143738959164,8.51151759683249
"381",-253921.16988689,1411530.7619605,21129.751295883,617.479091758733,1,288.433308517039,10.1355012679683,1,1,1,1,1,1,1,1,1,15.5132771281016,9.00860605772465
"382",-151515.57212171,1411530.7619605,21129.751295883,617.479091758733,1,288.720790106766,12.0862626435317,1,1,1,1,1,1,1,1,1,12.5102708044858,8.66298477415432
"383",-49109.9743565284,1411530.7619605,21129.751295883,617.479091758733,1,288.824761767364,13.8945384375048,1,1,1,1,1,1,1,1,1,18.5510719440068,14.7680089530464
"384",53295.6234086528,1411530.7619605,21129.751295883,617.479091758733,1,288.77741245609,15.6636356148321,1,1,1,1,1,1,1,1,1,23.6515354836223,21.2256366321956
"385",155701.221173834,1411530.7619605,21129.751295883,617.479091758733,1,288.281440062761,17.3523174984451,1,1,1,1,1,1,1,1,1,46.605071998824,46.3339666178542
"386",258106.818939015,1411530.7619605,21129.751295883,617.479091758733,1,288.125680409974,17.5445575049451,1,1,1,1,1,1,1,1,1,62.5475354143315,62.8726019385833
"387",360512.416704196,1411530.7619605,21129.751295883,617.479091758733,1,288.462234176315,17.5871447923294,1,1,1,1,1,1,1,1,1,33.2399995861944,33.4938569805657
"388",462918.014469377,1411530.7619605,21129.751295883,617.479091758733,1,288.954534159716,17.6994743716241,1,1,1,1,1,1,1,1,1,7.29946346712966,7.4021881729359
"389",565323.612234558,1411530.7619605,21129.751295883,617.479091758733,1,288.965190336472,18.6238415533174,1,1,1,1,1,1,1,1,1,8.77015212262539,9.35804668307566
"390",667729.20999974,1411530.7619605,21129.7512958831,617.479091758734,1,288.522987622421,19.6224815344981,1,1,1,1,1,1,1,1,1,17.4939063815382,19.6675172564114
"391",770134.80776492,1411530.7619605,21129.7512958831,617.479091758734,1,288.232271326677,19.8863927702295,1,1,1,1,1,1,1,1,1,26.9625787030961,30.7203565075356
"392",872540.405530102,1411530.7619605,21129.7512958831,617.479091758734,1,288.112517716551,19.8406086228903,1,1,1,1,1,1,1,1,1,42.8984399558001,48.7646713859761
"393",974946.003295283,1411530.7619605,21129.7512958831,617.479091758734,1,287.698474098153,20.3079127075061,1,1,1,1,1,1,1,1,1,54.1067602557014,62.9543336172861
"394",1077351.60106046,1411530.7619605,21129.7512958831,617.479091758734,1,287.155949355583,21.3689256783021,1,1,1,1,1,1,1,1,1,87.6209430533874,107.275222618493
"395",1179757.19882564,1411530.7619605,21129.7512958831,617.479091758734,1,287.220849181196,19.9978367768397,1,1,1,1,1,1,1,1,1,91.6974030590348,105.062775200732
"396",1282162.79659083,1411530.7619605,21129.751295883,617.479091758734,1,288.913435356724,17.0449058255362,1,1,1,1,1,1,1,1,1,30.2968306333934,29.586978622447
"397",1384568.39435601,1411530.7619605,21129.7512958831,617.479091758734,1,289.664570515601,15.9516359596573,1,1,1,1,1,1,1,1,1,17.4918154122201,15.9863356886405
"398",1486973.99212119,1411530.7619605,21129.7512958831,617.479091758734,1,290.066094866141,16.8821152181776,1,1,1,1,1,1,1,1,0,10.3951406392993,10.0546288072608
"399",1589379.58988637,1411530.7619605,21129.7512958831,617.479091758734,0.85640324144009,290.236369100256,18.2939267180439,1,1,0,1,1,1,1,1,0,5.57622255574963,5.8446141693888
"400",1691785.18765155,1411530.7619605,21129.7512958831,617.479091758734,0.345419254862276,290.312699809794,19.9652488372295,1,1,0,0,1,1,1,0,0,4.91585086669279,5.62318328387059
"401",1794190.78541673,1411530.7619605,21129.7512958831,617.479091758734,NA,NA,NA,0,0,0,0,0,0,0,0,0,2.80348035562704,NA
"402",1896596.38318191,1411530.7619605,21129.7512958831,617.479091758734,NA,NA,NA,0,0,0,0,0,0,0,0,0,NA,NA
"403",1999001.98094709,1411530.7619605,21129.7512958831,617.479091758734,NA,NA,NA,0,0,0,0,0,0,0,0,0,NA,NA
"404",2101407.57871227,1411530.7619605,21129.7512958831,617.479091758734,NA,NA,NA,0,0,0,0,0,0,0,0,0,NA,NA
"405",2203813.17647746,1411530.7619605,21129.7512958831,617.479091758734,NA,NA,NA,0,0,0,0,0,0,0,0,0,NA,NA
"406",-2302033.12519051,1205196.81384632,21129.7512958831,617.479091758734,NA,NA,NA,0,0,0,0,0,0,0,0,0,NA,NA
"407",-2199627.52742533,1205196.81384632,21129.7512958831,617.479091758734,NA,NA,NA,0,0,0,0,0,0,0,0,0,NA,NA
"408",-2097221.92966015,1205196.81384632,21129.7512958831,617.479091758734,NA,NA,NA,0,0,0,0,0,0,0,0,0,NA,NA
"409",-1994816.33189497,1205196.81384632,21129.7512958831,617.479091758734,NA,NA,NA,0,0,0,0,0,0,0,0,0,55.7373980628498,NA
"410",-1892410.73412979,1205196.81384632,21129.7512958831,617.479091758734,0.228005106062993,290.569771831403,4.56881010802405,1,1,0,1,0,1,1,0,0,114.451738000234,29.9594828709047
"411",-1790005.13636461,1205196.81384632,21129.7512958831,617.479091758734,0.291676286126949,296.129966343932,1,1,1,0,1,1,1,1,0,0,34.0117858799398,1.94866977514486
"412",-1687599.53859943,1205196.81384632,21129.7512958831,617.479091758734,0.597115623645484,295.838340192306,1.45428020313048,1,1,0,1,1,1,1,0,0,30.5113210504993,2.54224801355211
"413",-1585193.94083425,1205196.81384632,21129.7512958831,617.479091758734,0.892158914020259,295.273722431888,2.26790180284389,1,1,0,1,1,1,1,0,0,31.9938341379823,4.15718496576631
"414",-1482788.34306906,1205196.81384632,21129.7512958831,617.479091758734,1,294.742297081434,3.18845286636555,1,1,0,1,1,1,1,0,1,31.7696175517705,5.80364448431752
"415",-1380382.74530388,1205196.81384632,21129.7512958831,617.479091758734,1,291.985431237943,5.16421660628606,1,1,1,1,1,1,1,0,1,94.3062655985561,27.9031870464569
"416",-1277977.1475387,1205196.81384632,21129.7512958831,617.479091758734,1,287.782945684015,5.71289124539552,1,1,1,1,1,1,1,1,1,87.8869588491403,28.7666444909993
"417",-1175571.54977352,1205196.81384632,21129.7512958831,617.479091758734,1,285.180124365629,5.90707833843021,1,1,1,1,1,1,1,1,1,92.4878977413137,31.3015937899761
"418",-1073165.95200834,1205196.81384632,21129.7512958831,617.479091758734,1,285.475504121707,4.81930633971278,1,1,1,1,1,1,1,1,1,67.8860610289907,18.7445041347796
"419",-970760.354243158,1205196.81384632,21129.7512958831,617.479091758734,1,287.902368252338,3.78295100244946,1,1,1,1,1,1,1,1,1,42.0756081241781,9.11947696366579
"420",-868354.756477977,1205196.81384632,21129.7512958831,617.479091758734,1,285.47025597092,5.69866689231193,1,1,1,1,1,1,1,1,1,58.4992821184311,19.0999671804976
"421",-765949.158712796,1205196.81384632,21129.7512958831,617.479091758734,1,288.672828286523,4.60443278246374,1,1,1,1,1,1,1,1,1,15.1505762002372,3.99681549271659
"422",-663543.560947615,1205196.81384632,21129.7512958831,617.479091758734,1,288.14085121179,5.69796702788484,1,1,1,1,1,1,1,1,1,6.58906319593244,2.15105947016121
"423",-561137.963182434,1205196.81384632,21129.751295883,617.479091758733,1,288.457570996935,6.44791221880624,1,1,1,1,1,1,1,1,1,6.16050064618064,2.27585158286752
"424",-458732.365417253,1205196.81384632,21129.751295883,617.479091758733,1,289.581689508861,7.62923625539406,1,1,1,1,1,1,1,1,1,17.955829042853,7.84865679160511
"425",-356326.767652072,1205196.81384632,21129.751295883,617.479091758733,1,290.405600963073,8.76793973205944,1,1,1,1,1,1,1,1,1,12.7202560083065,6.39002004828314
"426",-253921.16988689,1205196.81384632,21129.751295883,617.479091758733,1,290.565014852918,10.2818861893365,1,1,1,1,1,1,1,1,1,11.8071423251523,6.95546874491777
"427",-151515.57212171,1205196.81384632,21129.751295883,617.479091758733,1,290.36685222917,12.472835047206,1,1,1,1,1,1,1,1,1,15.0571358746204,10.7601013271317
"428",-49109.9743565284,1205196.81384632,21129.751295883,617.479091758733,1,290.342448071625,14.634739700137,1,1,1,1,1,1,1,1,1,13.0838332186726,10.970560442334
"429",53295.6234086528,1205196.81384632,21129.751295883,617.479091758733,1,290.261982907996,16.785964116013,1,1,1,1,1,1,1,1,1,24.8511825332289,23.9002345168766
"430",155701.221173834,1205196.81384632,21129.751295883,617.479091758733,1,289.981012953357,18.9436663039749,1,1,1,1,1,1,1,1,1,28.3589291567688,30.7795790068547
"431",258106.818939015,1205196.81384632,21129.751295883,617.479091758733,1,290.011935260206,19.3723622968419,1,1,1,1,1,1,1,1,1,20.2727996775076,22.5011712130809
"432",360512.416704196,1205196.81384632,21129.751295883,617.479091758733,1,290.333497028912,19.0144582679466,1,1,1,1,1,1,1,1,1,7.75922721347284,8.45300720005333
"433",462918.014469377,1205196.81384632,21129.751295883,617.479091758733,1,290.594126890457,19.1124193454697,1,1,1,1,1,1,1,1,1,3.71904884881443,4.07245562904272
"434",565323.612234558,1205196.81384632,21129.751295883,617.479091758733,1,290.101871400526,20.1763778101674,1,1,1,1,1,1,1,1,1,13.1735046281377,15.2283672832175
"435",667729.20999974,1205196.81384632,21129.7512958831,617.479091758734,1,290.191132444591,20.2030863102721,1,1,1,1,1,1,1,1,1,13.1640640707282,15.2375982650858
"436",770134.80776492,1205196.81384632,21129.7512958831,617.479091758734,1,289.982051305647,20.426700947028,1,1,1,1,1,1,1,1,1,23.2186467939011,27.1733979195135
"437",872540.405530102,1205196.81384632,21129.7512958831,617.479091758734,1,289.93675979001,19.8676217664094,1,1,1,1,1,1,1,1,1,32.1293115639101,36.5726235899785
"438",974946.003295283,1205196.81384632,21129.7512958831,617.479091758734,1,289.633243888957,18.8506366317658,1,1,1,1,1,1,1,1,1,28.1194083787,30.3697357978301
"439",1077351.60106046,1205196.81384632,21129.7512958831,617.479091758734,1,289.977632702003,17.8692349397644,1,1,1,1,1,1,1,1,1,20.205377746654,20.6862488940732
"440",1179757.19882564,1205196.81384632,21129.7512958831,617.479091758734,1,290.551871204471,16.7016155896383,1,1,1,1,1,1,1,1,1,17.1692722881791,16.4293047131283
"441",1282162.79659083,1205196.81384632,21129.751295883,617.479091758734,1,291.182107428267,16.3595764600514,1,1,1,1,1,1,1,1,1,14.3027507795103,13.4060378083101
"442",1384568.39435601,1205196.81384632,21129.7512958831,617.479091758734,0.966384754319579,291.677494367186,16.8940098446841,1,1,1,1,1,1,1,1,0,8.17296360956067,7.91081304256117
"443",1486973.99212119,1205196.81384632,21129.7512958831,617.479091758734,0.539387903738422,291.592596229269,17.9534327499493,1,1,0,0,1,1,1,1,0,5.08961472994939,5.23529574994155
"444",1589379.58988637,1205196.81384632,21129.7512958831,617.479091758734,NA,NA,NA,0,0,0,0,0,0,0,0,0,4.71856602664125,NA
"445",1691785.18765155,1205196.81384632,21129.7512958831,617.479091758734,NA,NA,NA,0,0,0,0,0,0,0,0,0,NA,NA
"446",1794190.78541673,1205196.81384632,21129.7512958831,617.479091758734,NA,NA,NA,0,0,0,0,0,0,0,0,0,NA,NA
"447",1896596.38318191,1205196.81384632,21129.7512958831,617.479091758734,NA,NA,NA,0,0,0,0,0,0,0,0,0,NA,NA
"448",1999001.98094709,1205196.81384632,21129.7512958831,617.479091758734,NA,NA,NA,0,0,0,0,0,0,0,0,0,NA,NA
"449",2101407.57871227,1205196.81384632,21129.7512958831,617.479091758734,NA,NA,NA,0,0,0,0,0,0,0,0,0,NA,NA
"450",2203813.17647746,1205196.81384632,21129.7512958831,617.479091758734,NA,NA,NA,0,0,0,0,0,0,0,0,0,NA,NA
"451",-2302033.12519051,998862.865732132,21129.7512958831,617.479091758734,NA,NA,NA,0,0,0,0,0,0,0,0,0,NA,NA
"452",-2199627.52742533,998862.865732132,21129.7512958831,617.479091758734,NA,NA,NA,0,0,0,0,0,0,0,0,0,NA,NA
"453",-2097221.92966015,998862.865732132,21129.7512958831,617.479091758734,NA,NA,NA,0,0,0,0,0,0,0,0,0,NA,NA
"454",-1994816.33189497,998862.865732132,21129.7512958831,617.479091758734,NA,NA,NA,0,0,0,0,0,0,0,0,0,NA,NA
"455",-1892410.73412979,998862.865732132,21129.7512958831,617.479091758734,NA,NA,NA,0,0,0,0,0,0,0,0,0,NA,NA
"456",-1790005.13636461,998862.865732132,21129.7512958831,617.479091758734,NA,NA,NA,0,0,0,0,0,0,0,0,0,NA,NA
"457",-1687599.53859943,998862.865732132,21129.7512958831,617.479091758734,NA,NA,NA,0,0,0,0,0,0,0,0,0,NA,NA
"458",-1585193.94083425,998862.865732132,21129.7512958831,617.479091758734,NA,NA,NA,0,0,0,0,0,0,0,0,0,27.7561370650865,NA
"459",-1482788.34306906,998862.865732132,21129.7512958831,617.479091758734,NA,NA,NA,0,0,0,0,0,0,0,0,0,38.5716076706473,NA
"460",-1380382.74530388,998862.865732132,21129.7512958831,617.479091758734,0.381742285929765,290.150103029131,5.63373862487352,1,1,0,1,0,1,1,0,0,80.8549846004879,26.0983052067565
"461",-1277977.1475387,998862.865732132,21129.7512958831,617.479091758734,0.455827803100749,289.296690077478,5.0871438891561,1,1,0,1,1,1,1,0,0,87.6819471706892,25.5560082835751
"462",-1175571.54977352,998862.865732132,21129.7512958831,617.479091758734,0.45761711479732,288.828069725653,4.08394060491594,1,1,0,1,1,1,1,0,0,49.0753516651334,11.4829017883335
"463",-1073165.95200834,998862.865732132,21129.7512958831,617.479091758734,0.342930032420567,289.982996782882,3.30747040773736,1,1,0,1,1,1,1,0,0,26.140029238972,4.95348496313413
"464",-970760.354243158,998862.865732132,21129.7512958831,617.479091758734,0.518486813363309,290.487273031202,3.44305901629385,1,1,0,1,1,1,1,0,0,29.8724678263599,5.89283636626508
"465",-868354.756477977,998862.865732132,21129.7512958831,617.479091758734,0.955216124741038,289.379451960031,4.08737168697824,1,1,0,1,1,1,1,0,1,47.8582589398869,11.2075281966819
"466",-765949.158712796,998862.865732132,21129.7512958831,617.479091758734,1,290.541826848299,4.47320235810812,1,1,1,1,1,1,1,0,1,25.3654719057444,6.50085238142856
"467",-663543.560947615,998862.865732132,21129.7512958831,617.479091758734,1,291.157819606351,4.64967366134552,1,1,1,1,1,1,1,1,1,7.43120624704392,1.97965996606388
"468",-561137.963182434,998862.865732132,21129.7512958831,617.479091758734,1,291.094681572922,5.58721613627058,1,1,1,1,1,1,1,1,1,10.1470933742809,3.24822378040196
"469",-458732.365417253,998862.865732132,21129.751295883,617.479091758734,1,290.96993052362,7.32188673163757,1,1,1,1,1,1,1,1,1,17.9310262379088,7.52206297325783
"470",-356326.767652072,998862.865732132,21129.751295883,617.479091758734,1,291.309273526893,9.01871373937407,1,1,1,1,1,1,1,1,1,14.8505660586284,7.67355169186322
"471",-253921.16988689,998862.865732132,21129.751295883,617.479091758734,1,291.408614590777,10.8025019790632,1,1,1,1,1,1,1,1,1,18.8677790720919,11.6776095352316
"472",-151515.57212171,998862.865732132,21129.751295883,617.479091758734,1,291.958684090693,12.5291630687977,1,1,1,1,1,1,1,1,1,17.8045235279495,12.7808939214423
"473",-49109.9743565284,998862.865732132,21129.751295883,617.479091758734,1,292.152804286593,14.2393113912183,1,1,1,1,1,1,1,1,1,10.2651705491827,8.37459800825407
"474",53295.6234086528,998862.865732132,21129.751295883,617.479091758734,1,291.956860164175,16.2364328963522,1,1,1,1,1,1,1,1,1,15.3653064473312,14.2935682931881
"475",155701.221173834,998862.865732132,21129.751295883,617.479091758734,1,291.858471040378,18.2513284834781,1,1,1,1,1,1,1,1,1,14.0119661457524,14.6521843298471
"476",258106.818939015,998862.865732132,21129.751295883,617.479091758734,1,291.838758001443,19.661218571345,1,1,1,1,1,1,1,1,1,12.1337100366376,13.6682481913212
"477",360512.416704196,998862.865732132,21129.7512958831,617.479091758734,1,291.87366942781,20.2356445043367,1,1,1,1,1,1,1,1,1,8.0488911686356,9.33172451102169
"478",462918.014469377,998862.865732132,21129.751295883,617.479091758734,1,291.797630947901,20.8515553871017,1,1,1,1,1,1,1,1,1,10.9518443411511,13.0838191133036
"479",565323.612234558,998862.865732132,21129.751295883,617.479091758734,1,291.566815947351,20.9947638057178,1,1,1,1,1,1,1,1,1,13.0824244268102,15.7364961744544
"480",667729.20999974,998862.865732132,21129.7512958831,617.479091758734,1,291.448753501228,21.0462951415389,1,1,1,1,1,1,1,1,1,14.2740109789323,17.2119666382535
"481",770134.80776492,998862.865732132,21129.7512958831,617.479091758734,1,291.516626691456,20.846210952493,1,1,1,1,1,1,1,1,0,15.1746108106636,18.1239770011278
"482",872540.405530102,998862.865732132,21129.7512958831,617.479091758734,1,291.730079119222,20.6484875981658,1,1,0,1,1,1,1,1,1,15.2514278271288,18.0429507571918
"483",974946.003295283,998862.865732132,21129.7512958831,617.479091758734,1,291.837535493529,19.6294204834308,1,1,1,1,1,1,1,0,1,14.4518304648839,16.253210090522
"484",1077351.60106046,998862.865732132,21129.7512958831,617.479091758734,1,292.146055013373,18.3940132222164,1,1,1,1,1,1,1,1,1,11.8350561145658,12.4725607667687
"485",1179757.19882564,998862.865732132,21129.751295883,617.479091758734,1,292.402420316142,17.5305699650404,1,1,1,1,1,1,1,1,1,9.1247496778859,9.16485943254975
"486",1282162.79659083,998862.865732132,21129.7512958831,617.479091758734,1,292.706932080896,17.3772381180074,1,1,1,1,1,1,1,1,1,5.70979521021652,5.684733331652
"487",1384568.39435601,998862.865732132,21129.7512958831,617.479091758734,0.552593900698421,293.164040139816,17.6708254474656,1,1,1,0,1,1,1,1,1,5.60840798884783,5.67812892186849
"488",1486973.99212119,998862.865732132,21129.7512958831,617.479091758734,NA,NA,NA,0,0,0,0,0,0,0,0,0,NA,NA
"489",1589379.58988637,998862.865732132,21129.7512958831,617.479091758734,NA,NA,NA,0,0,0,0,0,0,0,0,0,NA,NA
"490",1691785.18765155,998862.865732132,21129.7512958831,617.479091758734,NA,NA,NA,0,0,0,0,0,0,0,0,0,NA,NA
"491",1794190.78541673,998862.865732132,21129.7512958831,617.479091758734,NA,NA,NA,0,0,0,0,0,0,0,0,0,NA,NA
"492",1896596.38318191,998862.865732132,21129.7512958831,617.479091758734,NA,NA,NA,0,0,0,0,0,0,0,0,0,NA,NA
"493",1999001.98094709,998862.865732132,21129.7512958831,617.479091758734,NA,NA,NA,0,0,0,0,0,0,0,0,0,NA,NA
"494",2101407.57871227,998862.865732132,21129.7512958831,617.479091758734,NA,NA,NA,0,0,0,0,0,0,0,0,0,NA,NA
"495",2203813.17647746,998862.865732132,21129.7512958831,617.479091758734,NA,NA,NA,0,0,0,0,0,0,0,0,0,NA,NA
"496",-2302033.12519051,792528.917617946,21129.7512958831,617.479091758734,NA,NA,NA,0,0,0,0,0,0,0,0,0,NA,NA
"497",-2199627.52742533,792528.917617946,21129.7512958831,617.479091758734,NA,NA,NA,0,0,0,0,0,0,0,0,0,NA,NA
"498",-2097221.92966015,792528.917617946,21129.7512958831,617.479091758734,NA,NA,NA,0,0,0,0,0,0,0,0,0,NA,NA
"499",-1994816.33189497,792528.917617946,21129.7512958831,617.479091758734,NA,NA,NA,0,0,0,0,0,0,0,0,0,NA,NA
"500",-1892410.73412979,792528.917617946,21129.7512958831,617.479091758734,NA,NA,NA,0,0,0,0,0,0,0,0,0,NA,NA
"501",-1790005.13636461,792528.917617946,21129.7512958831,617.479091758734,NA,NA,NA,0,0,0,0,0,0,0,0,0,NA,NA
"502",-1687599.53859943,792528.917617946,21129.7512958831,617.479091758734,NA,NA,NA,0,0,0,0,0,0,0,0,0,NA,NA
"503",-1585193.94083425,792528.917617946,21129.7512958831,617.479091758734,NA,NA,NA,0,0,0,0,0,0,0,0,0,NA,NA
"504",-1482788.34306906,792528.917617946,21129.7512958831,617.479091758734,NA,NA,NA,0,0,0,0,0,0,0,0,0,NA,NA
"505",-1380382.74530388,792528.917617946,21129.7512958831,617.479091758734,NA,NA,NA,0,0,0,0,0,0,0,0,0,NA,NA
"506",-1277977.1475387,792528.917617946,21129.7512958831,617.479091758734,NA,NA,NA,0,0,0,0,0,0,0,0,0,NA,NA
"507",-1175571.54977352,792528.917617946,21129.7512958831,617.479091758734,NA,NA,NA,0,0,0,0,0,0,0,0,0,NA,NA
"508",-1073165.95200834,792528.917617946,21129.7512958831,617.479091758734,NA,NA,NA,0,0,0,0,0,0,0,0,0,NA,NA
"509",-970760.354243158,792528.917617946,21129.7512958831,617.479091758734,NA,NA,NA,0,0,0,0,0,0,0,0,0,NA,NA
"510",-868354.756477977,792528.917617946,21129.7512958831,617.479091758734,NA,NA,NA,0,0,0,0,0,0,0,0,0,61.2914393688342,NA
"511",-765949.158712796,792528.917617946,21129.7512958831,617.479091758734,0.830012299477011,290.79356510198,4.57949872270087,1,1,0,1,0,1,1,0,0,62.7898662290216,16.4746543969058
"512",-663543.560947615,792528.917617946,21129.7512958831,617.479091758734,0.813307459480045,292.029875441238,4.45917061915117,1,1,0,1,1,1,1,0,0,61.8804632758858,15.8094389947945
"513",-561137.963182434,792528.917617946,21129.7512958831,617.479091758734,0.641980464436044,292.492185619646,5.6621804019557,1,1,0,1,1,1,1,0,0,41.1770550434351,13.3581955850004
"514",-458732.365417253,792528.917617946,21129.7512958831,617.479091758734,0.939899586167762,292.291559063148,7.50950979428314,1,1,0,1,1,1,1,0,1,20.3143579005189,8.74024286307779
"515",-356326.767652072,792528.917617946,21129.7512958831,617.479091758734,1,291.88439420253,9.33959592481387,1,1,1,1,1,1,1,0,1,27.5350181616871,14.7340543332143
"516",-253921.16988689,792528.917617946,21129.7512958831,617.479091758734,1,292.5374475256,11.0260612875985,1,1,1,1,1,1,1,1,1,25.4963307882887,16.1067122475673
"517",-151515.57212171,792528.917617946,21129.7512958831,617.479091758734,1,293.229501417268,12.3982736337761,1,1,1,1,1,1,1,1,1,15.3115949446959,10.8765324921669
"518",-49109.9743565284,792528.917617946,21129.7512958831,617.479091758734,1,293.51799560674,14.7273557832342,1,1,1,1,1,1,1,1,1,9.61539501069996,8.11335953300922
"519",53295.6234086528,792528.917617946,21129.7512958831,617.479091758734,0.989703675511765,293.625385441662,18.081835182783,1,1,1,1,1,1,1,1,0,7.3558550822928,7.62051783200531
"520",155701.221173834,792528.917617946,21129.7512958831,617.479091758734,0.808192176346346,293.320782871512,20.5341772567652,1,1,0,1,1,1,1,1,0,7.40380490270548,8.71045989633182
"521",258106.818939015,792528.917617946,21129.7512958831,617.479091758734,0.72257639558327,293.073469661217,21.5784403702188,1,1,0,1,1,1,1,0,0,5.67510745532675,7.0162160492587
"522",360512.416704196,792528.917617946,21129.7512958831,617.479091758734,0.776678208992908,293.23090867863,21.7268238836201,1,1,0,1,1,1,1,0,0,4.01847404925052,5.00225958223935
"523",462918.014469377,792528.917617946,21129.7512958831,617.479091758734,0.879429309628656,293.256967549566,22.2333095542209,1,1,0,1,1,1,1,0,0,5.38449361313671,6.85895247390878
"524",565323.612234558,792528.917617946,21129.7512958831,617.479091758734,0.805982283760569,293.627609087108,22.695013773608,1,1,0,1,1,1,1,0,0,5.3561355815134,6.96451415359038
"525",667729.20999974,792528.917617946,21129.7512958831,617.479091758734,0.4185246774435,293.373382944162,22.9957154892892,1,1,0,1,1,1,1,0,0,8.27434203643944,10.9015740440028
"526",770134.80776492,792528.917617946,21129.7512958831,617.479091758734,0.249724546541099,292.851365072394,23.32468868045,1,1,0,0,1,1,1,0,0,9.80993436125306,13.1096401290362
"527",872540.405530102,792528.917617946,21129.7512958831,617.479091758734,NA,NA,NA,0,0,0,0,0,0,0,0,0,11.0267400188787,NA
"528",974946.003295283,792528.917617946,21129.7512958831,617.479091758734,0.254170688353507,293.055575585368,21.5731126663581,1,1,0,1,0,1,1,0,0,8.63059466243087,10.6674924637074
"529",1077351.60106046,792528.917617946,21129.7512958831,617.479091758734,0.40794736764848,293.140440183185,20.5885836716247,1,1,0,1,1,1,1,0,0,6.10595888986064,7.20259773981965
"530",1179757.19882564,792528.917617946,21129.7512958831,617.479091758734,0.309918523252122,293.312021590536,19.344239936488,1,1,0,1,1,1,1,0,0,4.9669825051422,5.50494663650201
"531",1282162.79659083,792528.917617946,21129.7512958831,617.479091758734,0.742038076715476,293.977228439757,18.6809659444338,1,1,0,1,1,1,1,0,1,4.74039228133127,5.07367242073504
"532",1384568.39435601,792528.917617946,21129.7512958831,617.479091758734,0.945289056739735,294.664097970588,18.2410102429744,1,1,1,1,1,1,0,0,1,7.32229031025103,7.6525229994494
"533",1486973.99212119,792528.917617946,21129.7512958831,617.479091758734,0.279431233154722,295.511887561129,18.3128406788813,1,0,1,0,1,1,0,1,1,3.96440043486469,4.15950877595179
"534",1589379.58988637,792528.917617946,21129.7512958831,617.479091758734,NA,NA,NA,0,0,0,0,0,0,0,0,0,NA,NA
"535",1691785.18765155,792528.917617946,21129.7512958831,617.479091758734,NA,NA,NA,0,0,0,0,0,0,0,0,0,NA,NA
"536",1794190.78541673,792528.917617946,21129.7512958831,617.479091758734,NA,NA,NA,0,0,0,0,0,0,0,0,0,NA,NA
"537",1896596.38318191,792528.917617946,21129.7512958831,617.479091758734,NA,NA,NA,0,0,0,0,0,0,0,0,0,NA,NA
"538",1999001.98094709,792528.917617946,21129.7512958831,617.479091758734,NA,NA,NA,0,0,0,0,0,0,0,0,0,NA,NA
"539",2101407.57871227,792528.917617946,21129.7512958831,617.479091758734,NA,NA,NA,0,0,0,0,0,0,0,0,0,NA,NA
"540",2203813.17647746,792528.917617946,21129.7512958831,617.479091758734,NA,NA,NA,0,0,0,0,0,0,0,0,0,NA,NA
"541",-2302033.12519051,586194.96950376,21129.7512958831,617.479091758734,NA,NA,NA,0,0,0,0,0,0,0,0,0,NA,NA
"542",-2199627.52742533,586194.96950376,21129.7512958831,617.479091758734,NA,NA,NA,0,0,0,0,0,0,0,0,0,NA,NA
"543",-2097221.92966015,586194.96950376,21129.7512958831,617.479091758734,NA,NA,NA,0,0,0,0,0,0,0,0,0,NA,NA
"544",-1994816.33189497,586194.96950376,21129.7512958831,617.479091758734,NA,NA,NA,0,0,0,0,0,0,0,0,0,NA,NA
"545",-1892410.73412979,586194.96950376,21129.7512958831,617.479091758734,NA,NA,NA,0,0,0,0,0,0,0,0,0,NA,NA
"546",-1790005.13636461,586194.96950376,21129.7512958831,617.479091758734,NA,NA,NA,0,0,0,0,0,0,0,0,0,NA,NA
"547",-1687599.53859943,586194.96950376,21129.7512958831,617.479091758734,NA,NA,NA,0,0,0,0,0,0,0,0,0,NA,NA
"548",-1585193.94083425,586194.96950376,21129.7512958831,617.479091758734,NA,NA,NA,0,0,0,0,0,0,0,0,0,NA,NA
"549",-1482788.34306906,586194.96950376,21129.7512958831,617.479091758734,NA,NA,NA,0,0,0,0,0,0,0,0,0,NA,NA
"550",-1380382.74530388,586194.96950376,21129.7512958831,617.479091758734,NA,NA,NA,0,0,0,0,0,0,0,0,0,NA,NA
"551",-1277977.1475387,586194.96950376,21129.7512958831,617.479091758734,NA,NA,NA,0,0,0,0,0,0,0,0,0,NA,NA
"552",-1175571.54977352,586194.96950376,21129.7512958831,617.479091758734,NA,NA,NA,0,0,0,0,0,0,0,0,0,NA,NA
"553",-1073165.95200834,586194.96950376,21129.7512958831,617.479091758734,NA,NA,NA,0,0,0,0,0,0,0,0,0,NA,NA
"554",-970760.354243158,586194.96950376,21129.7512958831,617.479091758734,NA,NA,NA,0,0,0,0,0,0,0,0,0,NA,NA
"555",-868354.756477977,586194.96950376,21129.7512958831,617.479091758734,NA,NA,NA,0,0,0,0,0,0,0,0,0,NA,NA
"556",-765949.158712796,586194.96950376,21129.7512958831,617.479091758734,NA,NA,NA,0,0,0,0,0,0,0,0,0,48.7854165297508,NA
"557",-663543.560947615,586194.96950376,21129.7512958831,617.479091758734,NA,NA,NA,0,0,0,0,0,0,0,0,0,72.13954304664,NA
"558",-561137.963182434,586194.96950376,21129.7512958831,617.479091758734,NA,NA,NA,0,0,0,0,0,0,0,0,0,NA,NA
"559",-458732.365417253,586194.96950376,21129.7512958831,617.479091758734,NA,NA,NA,0,0,0,0,0,0,0,0,0,11.3782828352956,NA
"560",-356326.767652072,586194.96950376,21129.7512958831,617.479091758734,0.84481221366416,295.399939638932,7.75600581206961,1,1,0,1,0,1,1,0,1,9.33644993259717,4.14885934147665
"561",-253921.16988689,586194.96950376,21129.7512958831,617.479091758734,1,295.172315239448,9.09610438415429,1,1,1,1,1,1,1,0,1,9.79882673793069,5.10667626508282
"562",-151515.57212171,586194.96950376,21129.7512958831,617.479091758734,0.911663335531863,294.978267927981,11.314853210628,1,1,1,1,1,1,1,1,0,6.71595452338503,4.35377001095842
"563",-49109.9743565284,586194.96950376,21129.7512958831,617.479091758734,0.447113451008048,294.67703654942,14.678318422772,1,1,0,1,1,1,1,1,0,2.72083313693038,2.28816335330028
"564",53295.6234086528,586194.96950376,21129.7512958831,617.479091758734,0.206099825627169,294.447236261221,16.7433612409372,1,1,0,0,1,1,1,0,0,3.02806611425333,2.90480386200078
"565",155701.221173834,586194.96950376,21129.7512958831,617.479091758734,NA,NA,NA,0,0,0,0,0,0,0,0,0,2.55679346566475,NA
"566",258106.818939015,586194.96950376,21129.7512958831,617.479091758734,NA,NA,NA,0,0,0,0,0,0,0,0,0,NA,NA
"567",360512.416704196,586194.96950376,21129.7512958831,617.479091758734,NA,NA,NA,0,0,0,0,0,0,0,0,0,NA,NA
"568",462918.014469377,586194.96950376,21129.7512958831,617.479091758734,NA,NA,NA,0,0,0,0,0,0,0,0,0,1,NA
"569",565323.612234558,586194.96950376,21129.7512958831,617.479091758734,NA,NA,NA,0,0,0,0,0,0,0,0,0,1.48680560785056,NA
"570",667729.20999974,586194.96950376,21129.7512958831,617.479091758734,NA,NA,NA,0,0,0,0,0,0,0,0,0,1.5187203613253,NA
"571",770134.80776492,586194.96950376,21129.7512958831,617.479091758734,NA,NA,NA,0,0,0,0,0,0,0,0,0,NA,NA
"572",872540.405530102,586194.96950376,21129.7512958831,617.479091758734,NA,NA,NA,0,0,0,0,0,0,0,0,0,NA,NA
"573",974946.003295283,586194.96950376,21129.7512958831,617.479091758734,NA,NA,NA,0,0,0,0,0,0,0,0,0,NA,NA
"574",1077351.60106046,586194.96950376,21129.7512958831,617.479091758734,NA,NA,NA,0,0,0,0,0,0,0,0,0,NA,NA
"575",1179757.19882564,586194.96950376,21129.7512958831,617.479091758734,NA,NA,NA,0,0,0,0,0,0,0,0,0,NA,NA
"576",1282162.79659083,586194.96950376,21129.7512958831,617.479091758734,NA,NA,NA,0,0,0,0,0,0,0,0,0,4.36332296829964,NA
"577",1384568.39435601,586194.96950376,21129.7512958831,617.479091758734,0.846947941891211,296.091817406634,18.7146304643972,1,1,0,1,0,1,1,0,1,4.62968852820868,4.96411510076132
"578",1486973.99212119,586194.96950376,21129.7512958831,617.479091758734,0.962789761002646,296.157989560355,17.6552706851143,1,1,1,1,1,1,0,0,1,2.76339806512721,2.79528852923143
"579",1589379.58988637,586194.96950376,21129.7512958831,617.479091758734,0.291269044460348,296.903418733765,19.8375621514903,1,0,1,0,1,1,0,1,0,1.93607955880628,2.20049462895732
"580",1691785.18765155,586194.96950376,21129.7512958831,617.479091758734,NA,NA,NA,0,0,0,0,0,0,0,0,0,NA,NA
"581",1794190.78541673,586194.96950376,21129.7512958831,617.479091758734,NA,NA,NA,0,0,0,0,0,0,0,0,0,NA,NA
"582",1896596.38318191,586194.96950376,21129.7512958831,617.479091758734,NA,NA,NA,0,0,0,0,0,0,0,0,0,NA,NA
"583",1999001.98094709,586194.96950376,21129.7512958831,617.479091758734,NA,NA,NA,0,0,0,0,0,0,0,0,0,NA,NA
"584",2101407.57871227,586194.96950376,21129.7512958831,617.479091758734,NA,NA,NA,0,0,0,0,0,0,0,0,0,NA,NA
"585",2203813.17647746,586194.96950376,21129.7512958831,617.479091758734,NA,NA,NA,0,0,0,0,0,0,0,0,0,NA,NA
"586",-2302033.12519051,379861.021389575,21129.7512958831,617.479091758734,NA,NA,NA,0,0,0,0,0,0,0,0,0,NA,NA
"587",-2199627.52742533,379861.021389575,21129.7512958831,617.479091758734,NA,NA,NA,0,0,0,0,0,0,0,0,0,NA,NA
"588",-2097221.92966015,379861.021389575,21129.7512958831,617.479091758734,NA,NA,NA,0,0,0,0,0,0,0,0,0,NA,NA
"589",-1994816.33189497,379861.021389575,21129.7512958831,617.479091758734,NA,NA,NA,0,0,0,0,0,0,0,0,0,NA,NA
"590",-1892410.73412979,379861.021389575,21129.7512958831,617.479091758734,NA,NA,NA,0,0,0,0,0,0,0,0,0,NA,NA
"591",-1790005.13636461,379861.021389575,21129.7512958831,617.479091758734,NA,NA,NA,0,0,0,0,0,0,0,0,0,NA,NA
"592",-1687599.53859943,379861.021389575,21129.7512958831,617.479091758734,NA,NA,NA,0,0,0,0,0,0,0,0,0,NA,NA
"593",-1585193.94083425,379861.021389575,21129.7512958831,617.479091758734,NA,NA,NA,0,0,0,0,0,0,0,0,0,NA,NA
"594",-1482788.34306906,379861.021389575,21129.7512958831,617.479091758734,NA,NA,NA,0,0,0,0,0,0,0,0,0,NA,NA
"595",-1380382.74530388,379861.021389575,21129.7512958831,617.479091758734,NA,NA,NA,0,0,0,0,0,0,0,0,0,NA,NA
"596",-1277977.1475387,379861.021389575,21129.7512958831,617.479091758734,NA,NA,NA,0,0,0,0,0,0,0,0,0,NA,NA
"597",-1175571.54977352,379861.021389575,21129.7512958831,617.479091758734,NA,NA,NA,0,0,0,0,0,0,0,0,0,NA,NA
"598",-1073165.95200834,379861.021389575,21129.7512958831,617.479091758734,NA,NA,NA,0,0,0,0,0,0,0,0,0,NA,NA
"599",-970760.354243158,379861.021389575,21129.7512958831,617.479091758734,NA,NA,NA,0,0,0,0,0,0,0,0,0,NA,NA
"600",-868354.756477977,379861.021389575,21129.7512958831,617.479091758734,NA,NA,NA,0,0,0,0,0,0,0,0,0,NA,NA
"601",-765949.158712796,379861.021389575,21129.7512958831,617.479091758734,NA,NA,NA,0,0,0,0,0,0,0,0,0,NA,NA
"602",-663543.560947615,379861.021389575,21129.7512958831,617.479091758734,NA,NA,NA,0,0,0,0,0,0,0,0,0,NA,NA
"603",-561137.963182434,379861.021389575,21129.7512958831,617.479091758734,NA,NA,NA,0,0,0,0,0,0,0,0,0,NA,NA
"604",-458732.365417253,379861.021389575,21129.7512958831,617.479091758734,NA,NA,NA,0,0,0,0,0,0,0,0,0,NA,NA
"605",-356326.767652072,379861.021389575,21129.7512958831,617.479091758734,NA,NA,NA,0,0,0,0,0,0,0,0,0,19.180581482013,NA
"606",-253921.16988689,379861.021389575,21129.7512958831,617.479091758734,0.615190779088562,296.499234811227,7.97672713910251,1,1,0,1,0,1,1,0,0,6.97146166655534,3.18608525554109
"607",-151515.57212171,379861.021389575,21129.7512958831,617.479091758734,0.463787498907989,296.3584009272,9.36198807678339,1,1,0,0,1,1,1,0,0,1.86433135416264,1
"608",-49109.9743565284,379861.021389575,21129.7512958831,617.479091758734,NA,NA,NA,0,0,0,0,0,0,0,0,0,NA,NA
"609",53295.6234086528,379861.021389575,21129.7512958831,617.479091758734,NA,NA,NA,0,0,0,0,0,0,0,0,0,NA,NA
"610",155701.221173834,379861.021389575,21129.7512958831,617.479091758734,NA,NA,NA,0,0,0,0,0,0,0,0,0,NA,NA
"611",258106.818939015,379861.021389575,21129.7512958831,617.479091758734,NA,NA,NA,0,0,0,0,0,0,0,0,0,NA,NA
"612",360512.416704196,379861.021389575,21129.7512958831,617.479091758734,NA,NA,NA,0,0,0,0,0,0,0,0,0,NA,NA
"613",462918.014469377,379861.021389575,21129.7512958831,617.479091758734,NA,NA,NA,0,0,0,0,0,0,0,0,0,NA,NA
"614",565323.612234558,379861.021389575,21129.7512958831,617.479091758734,NA,NA,NA,0,0,0,0,0,0,0,0,0,NA,NA
"615",667729.20999974,379861.021389575,21129.7512958831,617.479091758734,NA,NA,NA,0,0,0,0,0,0,0,0,0,NA,NA
"616",770134.80776492,379861.021389575,21129.7512958831,617.479091758734,NA,NA,NA,0,0,0,0,0,0,0,0,0,NA,NA
"617",872540.405530102,379861.021389575,21129.7512958831,617.479091758734,NA,NA,NA,0,0,0,0,0,0,0,0,0,NA,NA
"618",974946.003295283,379861.021389575,21129.7512958831,617.479091758734,NA,NA,NA,0,0,0,0,0,0,0,0,0,NA,NA
"619",1077351.60106046,379861.021389575,21129.7512958831,617.479091758734,NA,NA,NA,0,0,0,0,0,0,0,0,0,NA,NA
"620",1179757.19882564,379861.021389575,21129.7512958831,617.479091758734,NA,NA,NA,0,0,0,0,0,0,0,0,0,NA,NA
"621",1282162.79659083,379861.021389575,21129.7512958831,617.479091758734,NA,NA,NA,0,0,0,0,0,0,0,0,0,NA,NA
"622",1384568.39435601,379861.021389575,21129.7512958831,617.479091758734,NA,NA,NA,0,0,0,0,0,0,0,0,0,3.43727087999887,NA
"623",1486973.99212119,379861.021389575,21129.7512958831,617.479091758734,0.419415191919551,297.582856231221,18.9496961331518,1,1,0,1,0,1,1,0,0,2.45665199291691,2.66719459306668
"624",1589379.58988637,379861.021389575,21129.7512958831,617.479091758734,0.294719651940274,297.904585521354,19.2296945494047,1,1,0,0,1,1,0,0,0,1.5638091395515,1.72291933814234
"625",1691785.18765155,379861.021389575,21129.7512958831,617.479091758734,NA,NA,NA,0,0,0,0,0,0,0,0,0,NA,NA
"626",1794190.78541673,379861.021389575,21129.7512958831,617.479091758734,NA,NA,NA,0,0,0,0,0,0,0,0,0,NA,NA
"627",1896596.38318191,379861.021389575,21129.7512958831,617.479091758734,NA,NA,NA,0,0,0,0,0,0,0,0,0,NA,NA
"628",1999001.98094709,379861.021389575,21129.7512958831,617.479091758734,NA,NA,NA,0,0,0,0,0,0,0,0,0,NA,NA
"629",2101407.57871227,379861.021389575,21129.7512958831,617.479091758734,NA,NA,NA,0,0,0,0,0,0,0,0,0,NA,NA
"630",2203813.17647746,379861.021389575,21129.7512958831,617.479091758734,NA,NA,NA,0,0,0,0,0,0,0,0,0,NA,NA
